z_Rp,density_g_cm3,pressure_dyn_cm2,temperature_K,tau,velocity_km_s
-37.5,3.613038694736409e-20,5.9199732954238e-07,256223.81238536345,2.786434845551574e-08,357.1562595370697
-37.4266862170088,3.613038694736409e-20,5.9199732954238e-07,256223.81238536345,2.786434845551574e-08,357.1562595370697
-37.353372434017594,3.613038694736409e-20,5.9199732954238e-07,256223.81238536345,2.786434845551574e-08,357.1562595370697
-37.280058651026394,3.613038694736409e-20,5.9199732954238e-07,256223.81238536345,2.786434845551574e-08,357.1562595370697
-37.20674486803519,3.613038694736409e-20,5.9199732954238e-07,256223.81238536345,2.786434845551574e-08,357.1562595370697
-37.13343108504399,3.613038694736409e-20,5.9199732954238e-07,256223.81238536345,2.786434845551574e-08,357.1562595370697
-37.06011730205279,3.613038694736409e-20,5.9199732954238e-07,256223.81238536345,2.786434845551574e-08,357.1562595370697
-36.98680351906158,3.613038694736409e-20,5.9199732954238e-07,256223.81238536345,2.786434845551574e-08,357.1562595370697
-36.91348973607038,3.613038694736409e-20,5.9199732954238e-07,256223.81238536345,2.786434845551574e-08,357.1562595370697
-36.84017595307918,3.613036560617469e-20,5.919967437726521e-07,256223.71020097457,5.572843334812757e-08,357.1713703528195
-36.766862170087975,3.613036560617469e-20,5.919967437726521e-07,256223.71020097457,5.572843334812757e-08,357.1713703528195
-36.693548387096776,3.613036560617469e-20,5.919967437726521e-07,256223.71020097457,5.572843334812757e-08,357.1713703528195
-36.62023460410557,3.613036560617469e-20,5.919967437726521e-07,256223.71020097457,5.572843334812757e-08,357.1713703528195
-36.54692082111437,3.613036560617469e-20,5.919967437726521e-07,256223.71020097457,5.572843334812757e-08,357.1713703528195
-36.47360703812317,3.613036560617469e-20,5.919967437726521e-07,256223.71020097457,5.572843334812757e-08,357.1713703528195
-36.40029325513196,3.613036560617469e-20,5.919967437726521e-07,256223.71020097457,5.572843334812757e-08,357.1713703528195
-36.32697947214076,3.613036560617469e-20,5.919967437726521e-07,256223.71020097457,5.572843334812757e-08,357.1713703528195
-36.25366568914956,3.613036560617469e-20,5.919967437726521e-07,256223.71020097457,5.572843334812757e-08,357.1713703528195
-36.18035190615836,3.613036560617469e-20,5.919967437726521e-07,256223.71020097457,5.572843334812757e-08,357.1713703528195
-36.10703812316716,3.613036560617469e-20,5.919967437726521e-07,256223.71020097457,5.572843334812757e-08,357.1713703528195
-36.03372434017595,3.613036560617469e-20,5.919967437726521e-07,256223.71020097457,5.572843334812757e-08,357.1713703528195
-35.96041055718475,3.613036560617469e-20,5.919967437726521e-07,256223.71020097457,5.572843334812757e-08,357.1713703528195
-35.88709677419355,3.613036560617469e-20,5.919967437726521e-07,256223.71020097457,5.572843334812757e-08,357.1713703528195
-35.813782991202345,3.613036560617469e-20,5.919967437726521e-07,256223.71020097457,5.572843334812757e-08,357.1713703528195
-35.740469208211145,3.613036560617469e-20,5.919967437726521e-07,256223.71020097457,5.572843334812757e-08,357.1713703528195
-35.66715542521994,3.613036560617469e-20,5.919967437726521e-07,256223.71020097457,5.572843334812757e-08,357.1713703528195
-35.59384164222874,3.608628355852097e-20,5.907870787082029e-07,256012.50832500157,8.306446689396938e-08,357.186469153548
-35.52052785923754,3.608628355852097e-20,5.907870787082029e-07,256012.50832500157,8.306446689396938e-08,357.186469153548
-35.44721407624633,3.608628355852097e-20,5.907870787082029e-07,256012.50832500157,8.306446689396938e-08,357.186469153548
-35.37390029325513,3.608628355852097e-20,5.907870787082029e-07,256012.50832500157,8.306446689396938e-08,357.186469153548
-35.300586510263926,3.608628355852097e-20,5.907870787082029e-07,256012.50832500157,8.306446689396938e-08,357.186469153548
-35.22727272727273,3.608628355852097e-20,5.907870787082029e-07,256012.50832500157,8.306446689396938e-08,357.186469153548
-35.15395894428153,3.608628355852097e-20,5.907870787082029e-07,256012.50832500157,8.306446689396938e-08,357.186469153548
-35.08064516129032,3.608628355852097e-20,5.907870787082029e-07,256012.50832500157,8.306446689396938e-08,357.186469153548
-35.00733137829912,3.608628355852097e-20,5.907870787082029e-07,256012.50832500157,8.306446689396938e-08,357.186469153548
-34.93401759530792,3.608628355852097e-20,5.907870787082029e-07,256012.50832500157,8.306446689396938e-08,357.186469153548
-34.860703812316714,3.608628355852097e-20,5.907870787082029e-07,256012.50832500157,8.306446689396938e-08,357.186469153548
-34.787390029325515,3.608628355852097e-20,5.907870787082029e-07,256012.50832500157,8.306446689396938e-08,357.186469153548
-34.71407624633431,3.608628355852097e-20,5.907870787082029e-07,256012.50832500157,8.306446689396938e-08,357.186469153548
-34.64076246334311,3.608628355852097e-20,5.907870787082029e-07,256012.50832500157,8.306446689396938e-08,357.186469153548
-34.56744868035191,3.608628355852097e-20,5.907870787082029e-07,256012.50832500157,8.306446689396938e-08,357.186469153548
-34.4941348973607,3.608628355852097e-20,5.907870787082029e-07,256012.50832500157,8.306446689396938e-08,357.186469153548
-34.4208211143695,3.608628355852097e-20,5.907870787082029e-07,256012.50832500157,8.306446689396938e-08,357.186469153548
-34.347507331378296,3.6024526665235745e-20,5.890942715147567e-07,255716.56989121603,1.0969625067336005e-07,357.200851234869
-34.274193548387096,3.6024526665235745e-20,5.890942715147567e-07,255716.56989121603,1.0969625067336005e-07,357.200851234869
-34.2008797653959,3.6024526665235745e-20,5.890942715147567e-07,255716.56989121603,1.0969625067336005e-07,357.200851234869
-34.12756598240469,3.6024526665235745e-20,5.890942715147567e-07,255716.56989121603,1.0969625067336005e-07,357.200851234869
-34.05425219941349,3.6024526665235745e-20,5.890942715147567e-07,255716.56989121603,1.0969625067336005e-07,357.200851234869
-33.98093841642229,3.6024526665235745e-20,5.890942715147567e-07,255716.56989121603,1.0969625067336005e-07,357.200851234869
-33.907624633431084,3.6024526665235745e-20,5.890942715147567e-07,255716.56989121603,1.0969625067336005e-07,357.200851234869
-33.834310850439884,3.6024526665235745e-20,5.890942715147567e-07,255716.56989121603,1.0969625067336005e-07,357.200851234869
-33.76099706744868,3.6024526665235745e-20,5.890942715147567e-07,255716.56989121603,1.0969625067336005e-07,357.200851234869
-33.68768328445748,3.6024526665235745e-20,5.890942715147567e-07,255716.56989121603,1.0969625067336005e-07,357.200851234869
-33.61436950146628,3.6024526665235745e-20,5.890942715147567e-07,255716.56989121603,1.0969625067336005e-07,357.200851234869
-33.54105571847507,3.6024526665235745e-20,5.890942715147567e-07,255716.56989121603,1.0969625067336005e-07,357.200851234869
-33.46774193548387,3.6024526665235745e-20,5.890942715147567e-07,255716.56989121603,1.0969625067336005e-07,357.200851234869
-33.394428152492665,3.6024526665235745e-20,5.890942715147567e-07,255716.56989121603,1.0969625067336005e-07,357.200851234869
-33.321114369501466,3.6024526665235745e-20,5.890942715147567e-07,255716.56989121603,1.0969625067336005e-07,357.200851234869
-33.247800586510266,3.6024526665235745e-20,5.890942715147567e-07,255716.56989121603,1.0969625067336005e-07,357.200851234869
-33.17448680351906,3.6024526665235745e-20,5.890942715147567e-07,255716.56989121603,1.0969625067336005e-07,357.200851234869
-33.10117302052786,3.595816374733594e-20,5.872771730236665e-07,255398.2803037376,1.355882164105119e-07,357.21530162218716
-33.02785923753666,3.595816374733594e-20,5.872771730236665e-07,255398.2803037376,1.355882164105119e-07,357.21530162218716
-32.95454545454545,3.595816374733594e-20,5.872771730236665e-07,255398.2803037376,1.355882164105119e-07,357.21530162218716
-32.881231671554254,3.595816374733594e-20,5.872771730236665e-07,255398.2803037376,1.355882164105119e-07,357.21530162218716
-32.80791788856305,3.595816374733594e-20,5.872771730236665e-07,255398.2803037376,1.355882164105119e-07,357.21530162218716
-32.73460410557185,3.595816374733594e-20,5.872771730236665e-07,255398.2803037376,1.355882164105119e-07,357.21530162218716
-32.66129032258065,3.595816374733594e-20,5.872771730236665e-07,255398.2803037376,1.355882164105119e-07,357.21530162218716
-32.58797653958944,3.595816374733594e-20,5.872771730236665e-07,255398.2803037376,1.355882164105119e-07,357.21530162218716
-32.51466275659824,3.595816374733594e-20,5.872771730236665e-07,255398.2803037376,1.355882164105119e-07,357.21530162218716
-32.441348973607035,3.595816374733594e-20,5.872771730236665e-07,255398.2803037376,1.355882164105119e-07,357.21530162218716
-32.368035190615835,3.595816374733594e-20,5.872771730236665e-07,255398.2803037376,1.355882164105119e-07,357.21530162218716
-32.294721407624635,3.595816374733594e-20,5.872771730236665e-07,255398.2803037376,1.355882164105119e-07,357.21530162218716
-32.22140762463343,3.595816374733594e-20,5.872771730236665e-07,255398.2803037376,1.355882164105119e-07,357.21530162218716
-32.14809384164223,3.595816374733594e-20,5.872771730236665e-07,255398.2803037376,1.355882164105119e-07,357.21530162218716
-32.07478005865103,3.595816374733594e-20,5.872771730236665e-07,255398.2803037376,1.355882164105119e-07,357.21530162218716
-32.00146627565982,3.595816374733594e-20,5.872771730236665e-07,255398.2803037376,1.355882164105119e-07,357.21530162218716
-31.928152492668623,3.595816374733594e-20,5.872771730236665e-07,255398.2803037376,1.355882164105119e-07,357.21530162218716
-31.85483870967742,3.5890393451013554e-20,5.854237449227814e-07,255072.9871142641,1.6073548872671196e-07,357.2298733955311
-31.781524926686217,3.5890393451013554e-20,5.854237449227814e-07,255072.9871142641,1.6073548872671196e-07,357.2298733955311
-31.708211143695014,3.5890393451013554e-20,5.854237449227814e-07,255072.9871142641,1.6073548872671196e-07,357.2298733955311
-31.63489736070381,3.5890393451013554e-20,5.854237449227814e-07,255072.9871142641,1.6073548872671196e-07,357.2298733955311
-31.56158357771261,3.5890393451013554e-20,5.854237449227814e-07,255072.9871142641,1.6073548872671196e-07,357.2298733955311
-31.488269794721408,3.5890393451013554e-20,5.854237449227814e-07,255072.9871142641,1.6073548872671196e-07,357.2298733955311
-31.414956011730204,3.5890393451013554e-20,5.854237449227814e-07,255072.9871142641,1.6073548872671196e-07,357.2298733955311
-31.341642228739,3.5890393451013554e-20,5.854237449227814e-07,255072.9871142641,1.6073548872671196e-07,357.2298733955311
-31.268328445747798,3.5890393451013554e-20,5.854237449227814e-07,255072.9871142641,1.6073548872671196e-07,357.2298733955311
-31.1950146627566,3.5890393451013554e-20,5.854237449227814e-07,255072.9871142641,1.6073548872671196e-07,357.2298733955311
-31.121700879765395,3.5890393451013554e-20,5.854237449227814e-07,255072.9871142641,1.6073548872671196e-07,357.2298733955311
-31.048387096774192,3.5890393451013554e-20,5.854237449227814e-07,255072.9871142641,1.6073548872671196e-07,357.2298733955311
-30.975073313782993,3.5890393451013554e-20,5.854237449227814e-07,255072.9871142641,1.6073548872671196e-07,357.2298733955311
-30.90175953079179,3.5890393451013554e-20,5.854237449227814e-07,255072.9871142641,1.6073548872671196e-07,357.2298733955311
-30.828445747800586,3.5890393451013554e-20,5.854237449227814e-07,255072.9871142641,1.6073548872671196e-07,357.2298733955311
-30.755131964809383,3.5890393451013554e-20,5.854237449227814e-07,255072.9871142641,1.6073548872671196e-07,357.2298733955311
-30.68181818181818,3.5890393451013554e-20,5.854237449227814e-07,255072.9871142641,1.6073548872671196e-07,357.2298733955311
-30.60850439882698,3.582228667517012e-20,5.835628470574245e-07,254745.59515188218,1.8516247584272446e-07,357.2444911626948
-30.535190615835777,3.582228667517012e-20,5.835628470574245e-07,254745.59515188218,1.8516247584272446e-07,357.2444911626948
-30.461876832844574,3.582228667517012e-20,5.835628470574245e-07,254745.59515188218,1.8516247584272446e-07,357.2444911626948
-30.38856304985337,3.582228667517012e-20,5.835628470574245e-07,254745.59515188218,1.8516247584272446e-07,357.2444911626948
-30.315249266862168,3.582228667517012e-20,5.835628470574245e-07,254745.59515188218,1.8516247584272446e-07,357.2444911626948
-30.241935483870968,3.582228667517012e-20,5.835628470574245e-07,254745.59515188218,1.8516247584272446e-07,357.2444911626948
-30.168621700879765,3.582228667517012e-20,5.835628470574245e-07,254745.59515188218,1.8516247584272446e-07,357.2444911626948
-30.09530791788856,3.582228667517012e-20,5.835628470574245e-07,254745.59515188218,1.8516247584272446e-07,357.2444911626948
-30.021994134897362,3.582228667517012e-20,5.835628470574245e-07,254745.59515188218,1.8516247584272446e-07,357.2444911626948
-29.94868035190616,3.582228667517012e-20,5.835628470574245e-07,254745.59515188218,1.8516247584272446e-07,357.2444911626948
-29.875366568914956,3.582228667517012e-20,5.835628470574245e-07,254745.59515188218,1.8516247584272446e-07,357.2444911626948
-29.802052785923753,3.582228667517012e-20,5.835628470574245e-07,254745.59515188218,1.8516247584272446e-07,357.2444911626948
-29.72873900293255,3.582228667517012e-20,5.835628470574245e-07,254745.59515188218,1.8516247584272446e-07,357.2444911626948
-29.65542521994135,3.582228667517012e-20,5.835628470574245e-07,254745.59515188218,1.8516247584272446e-07,357.2444911626948
-29.582111436950147,3.582228667517012e-20,5.835628470574245e-07,254745.59515188218,1.8516247584272446e-07,357.2444911626948
-29.508797653958943,3.582228667517012e-20,5.835628470574245e-07,254745.59515188218,1.8516247584272446e-07,357.2444911626948
-29.435483870967744,3.582228667517012e-20,5.835628470574245e-07,254745.59515188218,1.8516247584272446e-07,357.2444911626948
-29.362170087976537,3.5754179757971397e-20,5.817038930205281e-07,254417.80708786874,2.0888321659458827e-07,357.2593078074961
-29.288856304985337,3.5754179757971397e-20,5.817038930205281e-07,254417.80708786874,2.0888321659458827e-07,357.2593078074961
-29.215542521994134,3.5754179757971397e-20,5.817038930205281e-07,254417.80708786874,2.0888321659458827e-07,357.2593078074961
-29.14222873900293,3.5754179757971397e-20,5.817038930205281e-07,254417.80708786874,2.0888321659458827e-07,357.2593078074961
-29.06891495601173,3.5754179757971397e-20,5.817038930205281e-07,254417.80708786874,2.0888321659458827e-07,357.2593078074961
-28.995601173020525,3.5754179757971397e-20,5.817038930205281e-07,254417.80708786874,2.0888321659458827e-07,357.2593078074961
-28.922287390029325,3.5754179757971397e-20,5.817038930205281e-07,254417.80708786874,2.0888321659458827e-07,357.2593078074961
-28.848973607038122,3.5754179757971397e-20,5.817038930205281e-07,254417.80708786874,2.0888321659458827e-07,357.2593078074961
-28.77565982404692,3.5754179757971397e-20,5.817038930205281e-07,254417.80708786874,2.0888321659458827e-07,357.2593078074961
-28.70234604105572,3.5754179757971397e-20,5.817038930205281e-07,254417.80708786874,2.0888321659458827e-07,357.2593078074961
-28.629032258064516,3.5754179757971397e-20,5.817038930205281e-07,254417.80708786874,2.0888321659458827e-07,357.2593078074961
-28.555718475073313,3.5754179757971397e-20,5.817038930205281e-07,254417.80708786874,2.0888321659458827e-07,357.2593078074961
-28.482404692082113,3.5754179757971397e-20,5.817038930205281e-07,254417.80708786874,2.0888321659458827e-07,357.2593078074961
-28.409090909090907,3.5754179757971397e-20,5.817038930205281e-07,254417.80708786874,2.0888321659458827e-07,357.2593078074961
-28.335777126099707,3.5754179757971397e-20,5.817038930205281e-07,254417.80708786874,2.0888321659458827e-07,357.2593078074961
-28.262463343108504,3.5754179757971397e-20,5.817038930205281e-07,254417.80708786874,2.0888321659458827e-07,357.2593078074961
-28.1891495601173,3.5754179757971397e-20,5.817038930205281e-07,254417.80708786874,2.0888321659458827e-07,357.2593078074961
-28.1158357771261,3.5686146081015004e-20,5.79851265516493e-07,254091.01866724668,2.3192714532191427e-07,357.2741500341103
-28.042521994134894,3.5686146081015004e-20,5.79851265516493e-07,254091.01866724668,2.3192714532191427e-07,357.2741500341103
-27.969208211143695,3.5686146081015004e-20,5.79851265516493e-07,254091.01866724668,2.3192714532191427e-07,357.2741500341103
-27.89589442815249,3.5686146081015004e-20,5.79851265516493e-07,254091.01866724668,2.3192714532191427e-07,357.2741500341103
-27.82258064516129,3.5686146081015004e-20,5.79851265516493e-07,254091.01866724668,2.3192714532191427e-07,357.2741500341103
-27.74926686217009,3.5686146081015004e-20,5.79851265516493e-07,254091.01866724668,2.3192714532191427e-07,357.2741500341103
-27.675953079178885,3.5686146081015004e-20,5.79851265516493e-07,254091.01866724668,2.3192714532191427e-07,357.2741500341103
-27.602639296187682,3.5686146081015004e-20,5.79851265516493e-07,254091.01866724668,2.3192714532191427e-07,357.2741500341103
-27.529325513196483,3.5686146081015004e-20,5.79851265516493e-07,254091.01866724668,2.3192714532191427e-07,357.2741500341103
-27.456011730205276,3.5686146081015004e-20,5.79851265516493e-07,254091.01866724668,2.3192714532191427e-07,357.2741500341103
-27.382697947214076,3.5686146081015004e-20,5.79851265516493e-07,254091.01866724668,2.3192714532191427e-07,357.2741500341103
-27.309384164222873,3.5686146081015004e-20,5.79851265516493e-07,254091.01866724668,2.3192714532191427e-07,357.2741500341103
-27.23607038123167,3.5686146081015004e-20,5.79851265516493e-07,254091.01866724668,2.3192714532191427e-07,357.2741500341103
-27.16275659824047,3.5686146081015004e-20,5.79851265516493e-07,254091.01866724668,2.3192714532191427e-07,357.2741500341103
-27.089442815249264,3.5686146081015004e-20,5.79851265516493e-07,254091.01866724668,2.3192714532191427e-07,357.2741500341103
-27.016129032258064,3.5686146081015004e-20,5.79851265516493e-07,254091.01866724668,2.3192714532191427e-07,357.2741500341103
-26.94281524926686,3.5686146081015004e-20,5.79851265516493e-07,254091.01866724668,2.3192714532191427e-07,357.2741500341103
-26.869501466275658,3.561844088070425e-20,5.780081468225452e-07,253764.81631611605,2.543054872179169e-07,357.2892564668429
-26.796187683284458,3.561844088070425e-20,5.780081468225452e-07,253764.81631611605,2.543054872179169e-07,357.2892564668429
-26.722873900293255,3.561844088070425e-20,5.780081468225452e-07,253764.81631611605,2.543054872179169e-07,357.2892564668429
-26.64956011730205,3.561844088070425e-20,5.780081468225452e-07,253764.81631611605,2.543054872179169e-07,357.2892564668429
-26.576246334310852,3.561844088070425e-20,5.780081468225452e-07,253764.81631611605,2.543054872179169e-07,357.2892564668429
-26.502932551319645,3.561844088070425e-20,5.780081468225452e-07,253764.81631611605,2.543054872179169e-07,357.2892564668429
-26.429618768328446,3.561844088070425e-20,5.780081468225452e-07,253764.81631611605,2.543054872179169e-07,357.2892564668429
-26.356304985337243,3.561844088070425e-20,5.780081468225452e-07,253764.81631611605,2.543054872179169e-07,357.2892564668429
-26.28299120234604,3.561844088070425e-20,5.780081468225452e-07,253764.81631611605,2.543054872179169e-07,357.2892564668429
-26.20967741935484,3.561844088070425e-20,5.780081468225452e-07,253764.81631611605,2.543054872179169e-07,357.2892564668429
-26.136363636363633,3.561844088070425e-20,5.780081468225452e-07,253764.81631611605,2.543054872179169e-07,357.2892564668429
-26.063049853372434,3.561844088070425e-20,5.780081468225452e-07,253764.81631611605,2.543054872179169e-07,357.2892564668429
-25.98973607038123,3.561844088070425e-20,5.780081468225452e-07,253764.81631611605,2.543054872179169e-07,357.2892564668429
-25.916422287390027,3.561844088070425e-20,5.780081468225452e-07,253764.81631611605,2.543054872179169e-07,357.2892564668429
-25.843108504398828,3.561844088070425e-20,5.780081468225452e-07,253764.81631611605,2.543054872179169e-07,357.2892564668429
-25.769794721407624,3.561844088070425e-20,5.780081468225452e-07,253764.81631611605,2.543054872179169e-07,357.2892564668429
-25.69648093841642,3.561844088070425e-20,5.780081468225452e-07,253764.81631611605,2.543054872179169e-07,357.2892564668429
-25.62316715542522,3.5550805191021305e-20,5.761712349601551e-07,253439.60613898828,2.760479137056972e-07,357.30438092906826
-25.549853372434015,3.5550805191021305e-20,5.761712349601551e-07,253439.60613898828,2.760479137056972e-07,357.30438092906826
-25.476539589442815,3.5550805191021305e-20,5.761712349601551e-07,253439.60613898828,2.760479137056972e-07,357.30438092906826
-25.403225806451612,3.5550805191021305e-20,5.761712349601551e-07,253439.60613898828,2.760479137056972e-07,357.30438092906826
-25.32991202346041,3.5550805191021305e-20,5.761712349601551e-07,253439.60613898828,2.760479137056972e-07,357.30438092906826
-25.25659824046921,3.5550805191021305e-20,5.761712349601551e-07,253439.60613898828,2.760479137056972e-07,357.30438092906826
-25.183284457478003,3.5550805191021305e-20,5.761712349601551e-07,253439.60613898828,2.760479137056972e-07,357.30438092906826
-25.109970674486803,3.5550805191021305e-20,5.761712349601551e-07,253439.60613898828,2.760479137056972e-07,357.30438092906826
-25.0366568914956,3.5550805191021305e-20,5.761712349601551e-07,253439.60613898828,2.760479137056972e-07,357.30438092906826
-24.963343108504397,3.5550805191021305e-20,5.761712349601551e-07,253439.60613898828,2.760479137056972e-07,357.30438092906826
-24.890029325513197,3.5550805191021305e-20,5.761712349601551e-07,253439.60613898828,2.760479137056972e-07,357.30438092906826
-24.816715542521994,3.5550805191021305e-20,5.761712349601551e-07,253439.60613898828,2.760479137056972e-07,357.30438092906826
-24.74340175953079,3.5550805191021305e-20,5.761712349601551e-07,253439.60613898828,2.760479137056972e-07,357.30438092906826
-24.67008797653959,3.5550805191021305e-20,5.761712349601551e-07,253439.60613898828,2.760479137056972e-07,357.30438092906826
-24.596774193548384,3.5550805191021305e-20,5.761712349601551e-07,253439.60613898828,2.760479137056972e-07,357.30438092906826
-24.523460410557185,3.5550805191021305e-20,5.761712349601551e-07,253439.60613898828,2.760479137056972e-07,357.30438092906826
-24.45014662756598,3.5550805191021305e-20,5.761712349601551e-07,253439.60613898828,2.760479137056972e-07,357.30438092906826
-24.37683284457478,3.548350250341819e-20,5.743437197015422e-07,253114.92189202513,2.9716274745916646e-07,357.3198502022269
-24.30351906158358,3.548350250341819e-20,5.743437197015422e-07,253114.92189202513,2.9716274745916646e-07,357.3198502022269
-24.230205278592372,3.548350250341819e-20,5.743437197015422e-07,253114.92189202513,2.9716274745916646e-07,357.3198502022269
-24.156891495601172,3.548350250341819e-20,5.743437197015422e-07,253114.92189202513,2.9716274745916646e-07,357.3198502022269
-24.08357771260997,3.548350250341819e-20,5.743437197015422e-07,253114.92189202513,2.9716274745916646e-07,357.3198502022269
-24.010263929618766,3.548350250341819e-20,5.743437197015422e-07,253114.92189202513,2.9716274745916646e-07,357.3198502022269
-23.936950146627566,3.548350250341819e-20,5.743437197015422e-07,253114.92189202513,2.9716274745916646e-07,357.3198502022269
-23.863636363636363,3.548350250341819e-20,5.743437197015422e-07,253114.92189202513,2.9716274745916646e-07,357.3198502022269
-23.79032258064516,3.548350250341819e-20,5.743437197015422e-07,253114.92189202513,2.9716274745916646e-07,357.3198502022269
-23.71700879765396,3.548350250341819e-20,5.743437197015422e-07,253114.92189202513,2.9716274745916646e-07,357.3198502022269
-23.643695014662754,3.548350250341819e-20,5.743437197015422e-07,253114.92189202513,2.9716274745916646e-07,357.3198502022269
-23.570381231671554,3.548350250341819e-20,5.743437197015422e-07,253114.92189202513,2.9716274745916646e-07,357.3198502022269
-23.49706744868035,3.548350250341819e-20,5.743437197015422e-07,253114.92189202513,2.9716274745916646e-07,357.3198502022269
-23.423753665689148,3.548350250341819e-20,5.743437197015422e-07,253114.92189202513,2.9716274745916646e-07,357.3198502022269
-23.35043988269795,3.548350250341819e-20,5.743437197015422e-07,253114.92189202513,2.9716274745916646e-07,357.3198502022269
-23.27712609970674,3.548350250341819e-20,5.743437197015422e-07,253114.92189202513,2.9716274745916646e-07,357.3198502022269
-23.203812316715542,3.548350250341819e-20,5.743437197015422e-07,253114.92189202513,2.9716274745916646e-07,357.3198502022269
-23.13049853372434,3.541626113149485e-20,5.725223401021783e-07,252791.275112929,3.1768018285127335e-07,357.33547376614945
-23.057184750733136,3.541626113149485e-20,5.725223401021783e-07,252791.275112929,3.1768018285127335e-07,357.33547376614945
-22.983870967741936,3.541626113149485e-20,5.725223401021783e-07,252791.275112929,3.1768018285127335e-07,357.33547376614945
-22.910557184750733,3.541626113149485e-20,5.725223401021783e-07,252791.275112929,3.1768018285127335e-07,357.33547376614945
-22.83724340175953,3.541626113149485e-20,5.725223401021783e-07,252791.275112929,3.1768018285127335e-07,357.33547376614945
-22.76392961876833,3.541626113149485e-20,5.725223401021783e-07,252791.275112929,3.1768018285127335e-07,357.33547376614945
-22.690615835777123,3.541626113149485e-20,5.725223401021783e-07,252791.275112929,3.1768018285127335e-07,357.33547376614945
-22.617302052785924,3.541626113149485e-20,5.725223401021783e-07,252791.275112929,3.1768018285127335e-07,357.33547376614945
-22.54398826979472,3.541626113149485e-20,5.725223401021783e-07,252791.275112929,3.1768018285127335e-07,357.33547376614945
-22.470674486803517,3.541626113149485e-20,5.725223401021783e-07,252791.275112929,3.1768018285127335e-07,357.33547376614945
-22.397360703812318,3.541626113149485e-20,5.725223401021783e-07,252791.275112929,3.1768018285127335e-07,357.33547376614945
-22.32404692082111,3.541626113149485e-20,5.725223401021783e-07,252791.275112929,3.1768018285127335e-07,357.33547376614945
-22.25073313782991,3.541626113149485e-20,5.725223401021783e-07,252791.275112929,3.1768018285127335e-07,357.33547376614945
-22.177419354838708,3.541626113149485e-20,5.725223401021783e-07,252791.275112929,3.1768018285127335e-07,357.33547376614945
-22.104105571847505,3.541626113149485e-20,5.725223401021783e-07,252791.275112929,3.1768018285127335e-07,357.33547376614945
-22.030791788856305,3.541626113149485e-20,5.725223401021783e-07,252791.275112929,3.1768018285127335e-07,357.33547376614945
-21.957478005865102,3.541626113149485e-20,5.725223401021783e-07,252791.275112929,3.1768018285127335e-07,357.33547376614945
-21.8841642228739,3.534936305927594e-20,5.707103665088644e-07,252468.1061685958,3.3760548995156625e-07,357.3513240984175
-21.8108504398827,3.534936305927594e-20,5.707103665088644e-07,252468.1061685958,3.3760548995156625e-07,357.3513240984175
-21.737536656891493,3.534936305927594e-20,5.707103665088644e-07,252468.1061685958,3.3760548995156625e-07,357.3513240984175
-21.664222873900293,3.534936305927594e-20,5.707103665088644e-07,252468.1061685958,3.3760548995156625e-07,357.3513240984175
-21.59090909090909,3.534936305927594e-20,5.707103665088644e-07,252468.1061685958,3.3760548995156625e-07,357.3513240984175
-21.517595307917887,3.534936305927594e-20,5.707103665088644e-07,252468.1061685958,3.3760548995156625e-07,357.3513240984175
-21.444281524926684,3.534936305927594e-20,5.707103665088644e-07,252468.1061685958,3.3760548995156625e-07,357.3513240984175
-21.370967741935484,3.534936305927594e-20,5.707103665088644e-07,252468.1061685958,3.3760548995156625e-07,357.3513240984175
-21.29765395894428,3.534936305927594e-20,5.707103665088644e-07,252468.1061685958,3.3760548995156625e-07,357.3513240984175
-21.224340175953078,3.534936305927594e-20,5.707103665088644e-07,252468.1061685958,3.3760548995156625e-07,357.3513240984175
-21.151026392961874,3.534936305927594e-20,5.707103665088644e-07,252468.1061685958,3.3760548995156625e-07,357.3513240984175
-21.077712609970675,3.534936305927594e-20,5.707103665088644e-07,252468.1061685958,3.3760548995156625e-07,357.3513240984175
-21.00439882697947,3.534936305927594e-20,5.707103665088644e-07,252468.1061685958,3.3760548995156625e-07,357.3513240984175
-20.93108504398827,3.534936305927594e-20,5.707103665088644e-07,252468.1061685958,3.3760548995156625e-07,357.3513240984175
-20.857771260997065,3.534936305927594e-20,5.707103665088644e-07,252468.1061685958,3.3760548995156625e-07,357.3513240984175
-20.784457478005866,3.534936305927594e-20,5.707103665088644e-07,252468.1061685958,3.3760548995156625e-07,357.3513240984175
-20.711143695014663,3.534936305927594e-20,5.707103665088644e-07,252468.1061685958,3.3760548995156625e-07,357.3513240984175
-20.63782991202346,3.528250829634124e-20,5.689042307302686e-07,252145.98961286875,3.5696977157674936e-07,357.3675005645178
-20.564516129032256,3.528250829634124e-20,5.689042307302686e-07,252145.98961286875,3.5696977157674936e-07,357.3675005645178
-20.491202346041053,3.528250829634124e-20,5.689042307302686e-07,252145.98961286875,3.5696977157674936e-07,357.3675005645178
-20.417888563049853,3.528250829634124e-20,5.689042307302686e-07,252145.98961286875,3.5696977157674936e-07,357.3675005645178
-20.34457478005865,3.528250829634124e-20,5.689042307302686e-07,252145.98961286875,3.5696977157674936e-07,357.3675005645178
-20.271260997067447,3.528250829634124e-20,5.689042307302686e-07,252145.98961286875,3.5696977157674936e-07,357.3675005645178
-20.197947214076244,3.528250829634124e-20,5.689042307302686e-07,252145.98961286875,3.5696977157674936e-07,357.3675005645178
-20.124633431085044,3.528250829634124e-20,5.689042307302686e-07,252145.98961286875,3.5696977157674936e-07,357.3675005645178
-20.05131964809384,3.528250829634124e-20,5.689042307302686e-07,252145.98961286875,3.5696977157674936e-07,357.3675005645178
-19.978005865102638,3.528250829634124e-20,5.689042307302686e-07,252145.98961286875,3.5696977157674936e-07,357.3675005645178
-19.904692082111435,3.528250829634124e-20,5.689042307302686e-07,252145.98961286875,3.5696977157674936e-07,357.3675005645178
-19.831378299120235,3.528250829634124e-20,5.689042307302686e-07,252145.98961286875,3.5696977157674936e-07,357.3675005645178
-19.758064516129032,3.528250829634124e-20,5.689042307302686e-07,252145.98961286875,3.5696977157674936e-07,357.3675005645178
-19.68475073313783,3.528250829634124e-20,5.689042307302686e-07,252145.98961286875,3.5696977157674936e-07,357.3675005645178
-19.611436950146626,3.528250829634124e-20,5.689042307302686e-07,252145.98961286875,3.5696977157674936e-07,357.3675005645178
-19.538123167155423,3.528250829634124e-20,5.689042307302686e-07,252145.98961286875,3.5696977157674936e-07,357.3675005645178
-19.464809384164223,3.528250829634124e-20,5.689042307302686e-07,252145.98961286875,3.5696977157674936e-07,357.3675005645178
-19.39149560117302,3.520132683836574e-20,5.667120923154102e-07,251753.66398852976,3.7566330205013776e-07,357.38723666243664
-19.318181818181817,3.520132683836574e-20,5.667120923154102e-07,251753.66398852976,3.7566330205013776e-07,357.38723666243664
-19.244868035190613,3.520132683836574e-20,5.667120923154102e-07,251753.66398852976,3.7566330205013776e-07,357.38723666243664
-19.171554252199414,3.520132683836574e-20,5.667120923154102e-07,251753.66398852976,3.7566330205013776e-07,357.38723666243664
-19.09824046920821,3.520132683836574e-20,5.667120923154102e-07,251753.66398852976,3.7566330205013776e-07,357.38723666243664
-19.024926686217007,3.520132683836574e-20,5.667120923154102e-07,251753.66398852976,3.7566330205013776e-07,357.38723666243664
-18.951612903225804,3.520132683836574e-20,5.667120923154102e-07,251753.66398852976,3.7566330205013776e-07,357.38723666243664
-18.878299120234605,3.520132683836574e-20,5.667120923154102e-07,251753.66398852976,3.7566330205013776e-07,357.38723666243664
-18.8049853372434,3.520132683836574e-20,5.667120923154102e-07,251753.66398852976,3.7566330205013776e-07,357.38723666243664
-18.7316715542522,3.518685056631507e-20,5.663215066498572e-07,251683.65489325524,3.849258646170791e-07,357.3912757545759
-18.658357771260995,3.518685056631507e-20,5.663215066498572e-07,251683.65489325524,3.849258646170791e-07,357.3912757545759
-18.585043988269792,3.518685056631507e-20,5.663215066498572e-07,251683.65489325524,3.849258646170791e-07,357.3912757545759
-18.511730205278592,3.518685056631507e-20,5.663215066498572e-07,251683.65489325524,3.849258646170791e-07,357.3912757545759
-18.43841642228739,3.518685056631507e-20,5.663215066498572e-07,251683.65489325524,3.849258646170791e-07,357.3912757545759
-18.365102639296186,3.516243591596911e-20,5.65663278648871e-07,251565.67696966865,3.940707239244365e-07,357.3973031260675
-18.291788856304983,3.516243591596911e-20,5.65663278648871e-07,251565.67696966865,3.940707239244365e-07,357.3973031260675
-18.218475073313783,3.516243591596911e-20,5.65663278648871e-07,251565.67696966865,3.940707239244365e-07,357.3973031260675
-18.14516129032258,3.516243591596911e-20,5.65663278648871e-07,251565.67696966865,3.940707239244365e-07,357.3973031260675
-18.071847507331377,3.516243591596911e-20,5.65663278648871e-07,251565.67696966865,3.940707239244365e-07,357.3973031260675
-17.998533724340174,3.516243591596911e-20,5.65663278648871e-07,251565.67696966865,3.940707239244365e-07,357.3973031260675
-17.925219941348974,3.516243591596911e-20,5.65663278648871e-07,251565.67696966865,3.940707239244365e-07,357.3973031260675
-17.85190615835777,3.516243591596911e-20,5.65663278648871e-07,251565.67696966865,3.940707239244365e-07,357.3973031260675
-17.778592375366568,3.5132490669234024e-20,5.648567450936285e-07,251421.10656724146,4.0308969047720876e-07,357.4055967089591
-17.705278592375365,3.5132490669234024e-20,5.648567450936285e-07,251421.10656724146,4.0308969047720876e-07,357.4055967089591
-17.63196480938416,3.5132490669234024e-20,5.648567450936285e-07,251421.10656724146,4.0308969047720876e-07,357.4055967089591
-17.558651026392962,3.5132490669234024e-20,5.648567450936285e-07,251421.10656724146,4.0308969047720876e-07,357.4055967089591
-17.48533724340176,3.5132490669234024e-20,5.648567450936285e-07,251421.10656724146,4.0308969047720876e-07,357.4055967089591
-17.412023460410555,3.5132490669234024e-20,5.648567450936285e-07,251421.10656724146,4.0308969047720876e-07,357.4055967089591
-17.338709677419352,3.5132490669234024e-20,5.648567450936285e-07,251421.10656724146,4.0308969047720876e-07,357.4055967089591
-17.265395894428153,3.5132490669234024e-20,5.648567450936285e-07,251421.10656724146,4.0308969047720876e-07,357.4055967089591
-17.19208211143695,3.5132490669234024e-20,5.648567450936285e-07,251421.10656724146,4.0308969047720876e-07,357.4055967089591
-17.118768328445746,3.509968305317832e-20,5.639737721943904e-07,251262.72560608826,4.1198090714480713e-07,357.41482909248145
-17.045454545454543,3.509968305317832e-20,5.639737721943904e-07,251262.72560608826,4.1198090714480713e-07,357.41482909248145
-16.972140762463344,3.509968305317832e-20,5.639737721943904e-07,251262.72560608826,4.1198090714480713e-07,357.41482909248145
-16.89882697947214,3.509968305317832e-20,5.639737721943904e-07,251262.72560608826,4.1198090714480713e-07,357.41482909248145
-16.825513196480937,3.509968305317832e-20,5.639737721943904e-07,251262.72560608826,4.1198090714480713e-07,357.41482909248145
-16.752199413489734,3.509968305317832e-20,5.639737721943904e-07,251262.72560608826,4.1198090714480713e-07,357.41482909248145
-16.67888563049853,3.509968305317832e-20,5.639737721943904e-07,251262.72560608826,4.1198090714480713e-07,357.41482909248145
-16.60557184750733,3.509968305317832e-20,5.639737721943904e-07,251262.72560608826,4.1198090714480713e-07,357.41482909248145
-16.532258064516128,3.506561705473841e-20,5.630574645989158e-07,251098.19376869107,4.2074495116741676e-07,357.42402052962007
-16.458944281524925,3.506561705473841e-20,5.630574645989158e-07,251098.19376869107,4.2074495116741676e-07,357.42402052962007
-16.385630498533722,3.506561705473841e-20,5.630574645989158e-07,251098.19376869107,4.2074495116741676e-07,357.42402052962007
-16.312316715542522,3.506561705473841e-20,5.630574645989158e-07,251098.19376869107,4.2074495116741676e-07,357.42402052962007
-16.23900293255132,3.506561705473841e-20,5.630574645989158e-07,251098.19376869107,4.2074495116741676e-07,357.42402052962007
-16.165689149560116,3.506561705473841e-20,5.630574645989158e-07,251098.19376869107,4.2074495116741676e-07,357.42402052962007
-16.092375366568913,3.506561705473841e-20,5.630574645989158e-07,251098.19376869107,4.2074495116741676e-07,357.42402052962007
-16.019061583577713,3.506561705473841e-20,5.630574645989158e-07,251098.19376869107,4.2074495116741676e-07,357.42402052962007
-15.94574780058651,3.506561705473841e-20,5.630574645989158e-07,251098.19376869107,4.2074495116741676e-07,357.42402052962007
-15.872434017595307,3.5031138297276635e-20,5.621305994250796e-07,250931.58575570982,4.293828488656725e-07,357.4333500061608
-15.799120234604104,3.5031138297276635e-20,5.621305994250796e-07,250931.58575570982,4.293828488656725e-07,357.4333500061608
-15.7258064516129,3.5031138297276635e-20,5.621305994250796e-07,250931.58575570982,4.293828488656725e-07,357.4333500061608
-15.6524926686217,3.5031138297276635e-20,5.621305994250796e-07,250931.58575570982,4.293828488656725e-07,357.4333500061608
-15.579178885630498,3.5031138297276635e-20,5.621305994250796e-07,250931.58575570982,4.293828488656725e-07,357.4333500061608
-15.505865102639294,3.5031138297276635e-20,5.621305994250796e-07,250931.58575570982,4.293828488656725e-07,357.4333500061608
-15.432551319648091,3.5031138297276635e-20,5.621305994250796e-07,250931.58575570982,4.293828488656725e-07,357.4333500061608
-15.359237536656892,3.5031138297276635e-20,5.621305994250796e-07,250931.58575570982,4.293828488656725e-07,357.4333500061608
-15.285923753665688,3.49965939890795e-20,5.612022802740667e-07,250764.46946819886,4.378975134263109e-07,357.4428731208396
-15.212609970674485,3.49965939890795e-20,5.612022802740667e-07,250764.46946819886,4.378975134263109e-07,357.4428731208396
-15.139296187683282,3.49965939890795e-20,5.612022802740667e-07,250764.46946819886,4.378975134263109e-07,357.4428731208396
-15.065982404692082,3.49965939890795e-20,5.612022802740667e-07,250764.46946819886,4.378975134263109e-07,357.4428731208396
-14.99266862170088,3.49965939890795e-20,5.612022802740667e-07,250764.46946819886,4.378975134263109e-07,357.4428731208396
-14.919354838709676,3.49965939890795e-20,5.612022802740667e-07,250764.46946819886,4.378975134263109e-07,357.4428731208396
-14.846041055718473,3.49965939890795e-20,5.612022802740667e-07,250764.46946819886,4.378975134263109e-07,357.4428731208396
-14.77272727272727,3.49965939890795e-20,5.612022802740667e-07,250764.46946819886,4.378975134263109e-07,357.4428731208396
-14.69941348973607,3.49965939890795e-20,5.612022802740667e-07,250764.46946819886,4.378975134263109e-07,357.4428731208396
-14.626099706744867,3.496221400551158e-20,5.602791346058247e-07,250598.15908284925,4.462897924564099e-07,357.45260302336794
-14.552785923753664,3.496221400551158e-20,5.602791346058247e-07,250598.15908284925,4.462897924564099e-07,357.45260302336794
-14.47947214076246,3.496221400551158e-20,5.602791346058247e-07,250598.15908284925,4.462897924564099e-07,357.45260302336794
-14.406158357771261,3.496221400551158e-20,5.602791346058247e-07,250598.15908284925,4.462897924564099e-07,357.45260302336794
-14.332844574780058,3.496221400551158e-20,5.602791346058247e-07,250598.15908284925,4.462897924564099e-07,357.45260302336794
-14.259530791788855,3.496221400551158e-20,5.602791346058247e-07,250598.15908284925,4.462897924564099e-07,357.45260302336794
-14.186217008797652,3.496221400551158e-20,5.602791346058247e-07,250598.15908284925,4.462897924564099e-07,357.45260302336794
-14.112903225806452,3.496221400551158e-20,5.602791346058247e-07,250598.15908284925,4.462897924564099e-07,357.45260302336794
-14.039589442815249,3.492808746194905e-20,5.593634019645149e-07,250433.02304195584,4.5456264455010605e-07,357.46255211835285
-13.966275659824046,3.492808746194905e-20,5.593634019645149e-07,250433.02304195584,4.5456264455010605e-07,357.46255211835285
-13.892961876832842,3.492808746194905e-20,5.593634019645149e-07,250433.02304195584,4.5456264455010605e-07,357.46255211835285
-13.81964809384164,3.492808746194905e-20,5.593634019645149e-07,250433.02304195584,4.5456264455010605e-07,357.46255211835285
-13.74633431085044,3.492808746194905e-20,5.593634019645149e-07,250433.02304195584,4.5456264455010605e-07,357.46255211835285
-13.673020527859236,3.492808746194905e-20,5.593634019645149e-07,250433.02304195584,4.5456264455010605e-07,357.46255211835285
-13.599706744868033,3.492808746194905e-20,5.593634019645149e-07,250433.02304195584,4.5456264455010605e-07,357.46255211835285
-13.52639296187683,3.492808746194905e-20,5.593634019645149e-07,250433.02304195584,4.5456264455010605e-07,357.46255211835285
-13.45307917888563,3.4894186640219276e-20,5.584541084038536e-07,250268.83072042052,4.627167613741464e-07,357.472741088803
-13.379765395894427,3.4894186640219276e-20,5.584541084038536e-07,250268.83072042052,4.627167613741464e-07,357.472741088803
-13.306451612903224,3.4894186640219276e-20,5.584541084038536e-07,250268.83072042052,4.627167613741464e-07,357.472741088803
-13.233137829912021,3.4894186640219276e-20,5.584541084038536e-07,250268.83072042052,4.627167613741464e-07,357.472741088803
-13.159824046920821,3.4894186640219276e-20,5.584541084038536e-07,250268.83072042052,4.627167613741464e-07,357.472741088803
-13.086510263929618,3.4894186640219276e-20,5.584541084038536e-07,250268.83072042052,4.627167613741464e-07,357.472741088803
-13.013196480938415,3.4894186640219276e-20,5.584541084038536e-07,250268.83072042052,4.627167613741464e-07,357.472741088803
-12.939882697947212,3.4894186640219276e-20,5.584541084038536e-07,250268.83072042052,4.627167613741464e-07,357.472741088803
-12.866568914956009,3.4894186640219276e-20,5.584541084038536e-07,250268.83072042052,4.627167613741464e-07,357.472741088803
-12.79325513196481,3.4860501292056533e-20,5.575513056236445e-07,250105.68477819784,4.707551319639296e-07,357.48320783995115
-12.719941348973606,3.4860501292056533e-20,5.575513056236445e-07,250105.68477819784,4.707551319639296e-07,357.48320783995115
-12.646627565982403,3.4860501292056533e-20,5.575513056236445e-07,250105.68477819784,4.707551319639296e-07,357.48320783995115
-12.5733137829912,3.4860501292056533e-20,5.575513056236445e-07,250105.68477819784,4.707551319639296e-07,357.48320783995115
-12.5,3.4860501292056533e-20,5.575513056236445e-07,250105.68477819784,4.707551319639296e-07,357.48320783995115
-12.426686217008797,3.4860501292056533e-20,5.575513056236445e-07,250105.68477819784,4.707551319639296e-07,357.48320783995115
-12.353372434017594,3.4860501292056533e-20,5.575513056236445e-07,250105.68477819784,4.707551319639296e-07,357.48320783995115
-12.28005865102639,3.4860501292056533e-20,5.575513056236445e-07,250105.68477819784,4.707551319639296e-07,357.48320783995115
-12.20674486803519,3.482699995816664e-20,5.566537432514181e-07,249943.2556240689,4.786782777822824e-07,357.49399019879826
-12.133431085043988,3.482699995816664e-20,5.566537432514181e-07,249943.2556240689,4.786782777822824e-07,357.49399019879826
-12.060117302052785,3.482699995816664e-20,5.566537432514181e-07,249943.2556240689,4.786782777822824e-07,357.49399019879826
-11.986803519061581,3.482699995816664e-20,5.566537432514181e-07,249943.2556240689,4.786782777822824e-07,357.49399019879826
-11.913489736070378,3.482699995816664e-20,5.566537432514181e-07,249943.2556240689,4.786782777822824e-07,357.49399019879826
-11.840175953079179,3.482699995816664e-20,5.566537432514181e-07,249943.2556240689,4.786782777822824e-07,357.49399019879826
-11.766862170087975,3.482699995816664e-20,5.566537432514181e-07,249943.2556240689,4.786782777822824e-07,357.49399019879826
-11.693548387096772,3.482699995816664e-20,5.566537432514181e-07,249943.2556240689,4.786782777822824e-07,357.49399019879826
-11.620234604105569,3.482699995816664e-20,5.566537432514181e-07,249943.2556240689,4.786782777822824e-07,357.49399019879826
-11.54692082111437,3.4793670136183943e-20,5.557616103922857e-07,249781.72265082318,4.864892297429075e-07,357.50515163632707
-11.473607038123166,3.4793670136183943e-20,5.557616103922857e-07,249781.72265082318,4.864892297429075e-07,357.50515163632707
-11.400293255131963,3.4793670136183943e-20,5.557616103922857e-07,249781.72265082318,4.864892297429075e-07,357.50515163632707
-11.32697947214076,3.4793670136183943e-20,5.557616103922857e-07,249781.72265082318,4.864892297429075e-07,357.50515163632707
-11.25366568914956,3.4793670136183943e-20,5.557616103922857e-07,249781.72265082318,4.864892297429075e-07,357.50515163632707
-11.180351906158357,3.4793670136183943e-20,5.557616103922857e-07,249781.72265082318,4.864892297429075e-07,357.50515163632707
-11.107038123167154,3.4793670136183943e-20,5.557616103922857e-07,249781.72265082318,4.864892297429075e-07,357.50515163632707
-11.03372434017595,3.4793670136183943e-20,5.557616103922857e-07,249781.72265082318,4.864892297429075e-07,357.50515163632707
-10.960410557184748,3.4760486590824755e-20,5.548735654927848e-07,249620.668522437,4.941883313725266e-07,357.51674369098544
-10.887096774193548,3.4760486590824755e-20,5.548735654927848e-07,249620.668522437,4.941883313725266e-07,357.51674369098544
-10.813782991202345,3.4760486590824755e-20,5.548735654927848e-07,249620.668522437,4.941883313725266e-07,357.51674369098544
-10.740469208211142,3.4760486590824755e-20,5.548735654927848e-07,249620.668522437,4.941883313725266e-07,357.51674369098544
-10.667155425219939,3.4760486590824755e-20,5.548735654927848e-07,249620.668522437,4.941883313725266e-07,357.51674369098544
-10.593841642228739,3.4760486590824755e-20,5.548735654927848e-07,249620.668522437,4.941883313725266e-07,357.51674369098544
-10.520527859237536,3.4760486590824755e-20,5.548735654927848e-07,249620.668522437,4.941883313725266e-07,357.51674369098544
-10.447214076246333,3.4760486590824755e-20,5.548735654927848e-07,249620.668522437,4.941883313725266e-07,357.51674369098544
-10.37390029325513,3.4760486590824755e-20,5.548735654927848e-07,249620.668522437,4.941883313725266e-07,357.51674369098544
-10.30058651026393,3.4727453361787764e-20,5.539905606515698e-07,249460.49635560607,5.017786698559067e-07,357.5288798279468
-10.227272727272727,3.4727453361787764e-20,5.539905606515698e-07,249460.49635560607,5.017786698559067e-07,357.5288798279468
-10.153958944281523,3.4727453361787764e-20,5.539905606515698e-07,249460.49635560607,5.017786698559067e-07,357.5288798279468
-10.08064516129032,3.4727453361787764e-20,5.539905606515698e-07,249460.49635560607,5.017786698559067e-07,357.5288798279468
-10.007331378299117,3.4727453361787764e-20,5.539905606515698e-07,249460.49635560607,5.017786698559067e-07,357.5288798279468
-9.934017595307918,3.4727453361787764e-20,5.539905606515698e-07,249460.49635560607,5.017786698559067e-07,357.5288798279468
-9.860703812316714,3.4727453361787764e-20,5.539905606515698e-07,249460.49635560607,5.017786698559067e-07,357.5288798279468
-9.787390029325511,3.4727453361787764e-20,5.539905606515698e-07,249460.49635560607,5.017786698559067e-07,357.5288798279468
-9.714076246334308,3.468703593708488e-20,5.529103820352084e-07,249264.20002223138,5.092367101116153e-07,357.54414240724486
-9.640762463343108,3.468703593708488e-20,5.529103820352084e-07,249264.20002223138,5.092367101116153e-07,357.54414240724486
-9.567448680351905,3.468703593708488e-20,5.529103820352084e-07,249264.20002223138,5.092367101116153e-07,357.54414240724486
-9.494134897360702,3.468703593708488e-20,5.529103820352084e-07,249264.20002223138,5.092367101116153e-07,357.54414240724486
-9.420821114369499,3.468703593708488e-20,5.529103820352084e-07,249264.20002223138,5.092367101116153e-07,357.54414240724486
-9.347507331378296,3.4680222055846694e-20,5.527281512347428e-07,249231.00500700422,5.129496884446074e-07,357.54754227477105
-9.274193548387096,3.4680222055846694e-20,5.527281512347428e-07,249231.00500700422,5.129496884446074e-07,357.54754227477105
-9.200879765395893,3.4680222055846694e-20,5.527281512347428e-07,249231.00500700422,5.129496884446074e-07,357.54754227477105
-9.12756598240469,3.466817885381114e-20,5.524063218196783e-07,249172.41737705568,5.166389341286523e-07,357.5535831219015
-9.054252199413487,3.466817885381114e-20,5.524063218196783e-07,249172.41737705568,5.166389341286523e-07,357.5535831219015
-8.980938416422287,3.466817885381114e-20,5.524063218196783e-07,249172.41737705568,5.166389341286523e-07,357.5535831219015
-8.907624633431084,3.466817885381114e-20,5.524063218196783e-07,249172.41737705568,5.166389341286523e-07,357.5535831219015
-8.83431085043988,3.4653455211948563e-20,5.520132394983878e-07,249100.90443385573,5.203028063128194e-07,357.56051633633194
-8.760997067448677,3.4653455211948563e-20,5.520132394983878e-07,249100.90443385573,5.203028063128194e-07,357.56051633633194
-8.687683284457478,3.4653455211948563e-20,5.520132394983878e-07,249100.90443385573,5.203028063128194e-07,357.56051633633194
-8.614369501466275,3.4653455211948563e-20,5.520132394983878e-07,249100.90443385573,5.203028063128194e-07,357.56051633633194
-8.541055718475072,3.46373501249854e-20,5.515835297153174e-07,249022.72660441854,5.239408869812775e-07,357.567832250568
-8.467741935483868,3.46373501249854e-20,5.515835297153174e-07,249022.72660441854,5.239408869812775e-07,357.567832250568
-8.394428152492665,3.46373501249854e-20,5.515835297153174e-07,249022.72660441854,5.239408869812775e-07,357.567832250568
-8.321114369501466,3.46373501249854e-20,5.515835297153174e-07,249022.72660441854,5.239408869812775e-07,357.567832250568
-8.247800586510262,3.462062557572831e-20,5.511374595196449e-07,248941.54058912632,5.275531106942949e-07,357.57559101849415
-8.17448680351906,3.462062557572831e-20,5.511374595196449e-07,248941.54058912632,5.275531106942949e-07,357.57559101849415
-8.101173020527856,3.462062557572831e-20,5.511374595196449e-07,248941.54058912632,5.275531106942949e-07,357.57559101849415
-8.027859237536656,3.462062557572831e-20,5.511374595196449e-07,248941.54058912632,5.275531106942949e-07,357.57559101849415
-7.954545454545453,3.460368484047649e-20,5.506857709581585e-07,248859.29186363073,5.311395018854497e-07,357.5837592554714
-7.88123167155425,3.460368484047649e-20,5.506857709581585e-07,248859.29186363073,5.311395018854497e-07,357.5837592554714
-7.807917888563047,3.460368484047649e-20,5.506857709581585e-07,248859.29186363073,5.311395018854497e-07,357.5837592554714
-7.734604105571847,3.460368484047649e-20,5.506857709581585e-07,248859.29186363073,5.311395018854497e-07,357.5837592554714
-7.661290322580644,3.460368484047649e-20,5.506857709581585e-07,248859.29186363073,5.311395018854497e-07,357.5837592554714
-7.587976539589441,3.458670403211129e-20,5.502330879523284e-07,248776.80118849225,5.347003696060206e-07,357.59232173993377
-7.514662756598238,3.458670403211129e-20,5.502330879523284e-07,248776.80118849225,5.347003696060206e-07,357.59232173993377
-7.441348973607035,3.458670403211129e-20,5.502330879523284e-07,248776.80118849225,5.347003696060206e-07,357.59232173993377
-7.368035190615835,3.458670403211129e-20,5.502330879523284e-07,248776.80118849225,5.347003696060206e-07,357.59232173993377
-7.294721407624632,3.456975941077841e-20,5.497815637196193e-07,248694.49331760133,5.3823580423816e-07,357.6012995781363
-7.221407624633429,3.456975941077841e-20,5.497815637196193e-07,248694.49331760133,5.3823580423816e-07,357.6012995781363
-7.1480938416422255,3.456975941077841e-20,5.497815637196193e-07,248694.49331760133,5.3823580423816e-07,357.6012995781363
-7.074780058651026,3.456975941077841e-20,5.497815637196193e-07,248694.49331760133,5.3823580423816e-07,357.6012995781363
-7.001466275659823,3.455291721330262e-20,5.493329173612414e-07,248612.67021361858,5.417461168769505e-07,357.61072665568986
-6.9281524926686195,3.455291721330262e-20,5.493329173612414e-07,248612.67021361858,5.417461168769505e-07,357.61072665568986
-6.854838709677416,3.455291721330262e-20,5.493329173612414e-07,248612.67021361858,5.417461168769505e-07,357.61072665568986
-6.781524926686217,3.455291721330262e-20,5.493329173612414e-07,248612.67021361858,5.417461168769505e-07,357.61072665568986
-6.708211143695014,3.4536156307073324e-20,5.488865092130626e-07,248531.1957550742,5.452313855096911e-07,357.6206616097768
-6.63489736070381,3.4536156307073324e-20,5.488865092130626e-07,248531.1957550742,5.452313855096911e-07,357.6206616097768
-6.561583577712607,3.4536156307073324e-20,5.488865092130626e-07,248531.1957550742,5.452313855096911e-07,357.6206616097768
-6.488269794721404,3.4536156307073324e-20,5.488865092130626e-07,248531.1957550742,5.452313855096911e-07,357.6206616097768
-6.4149560117302045,3.451947234825755e-20,5.484423577671766e-07,248450.110666791,5.486919235069457e-07,357.631170199728
-6.341642228739001,3.451947234825755e-20,5.484423577671766e-07,248450.110666791,5.486919235069457e-07,357.631170199728
-6.268328445747798,3.451947234825755e-20,5.484423577671766e-07,248450.110666791,5.486919235069457e-07,357.631170199728
-6.195014662756595,3.451947234825755e-20,5.484423577671766e-07,248450.110666791,5.486919235069457e-07,357.631170199728
-6.121700879765395,3.451947234825755e-20,5.484423577671766e-07,248450.110666791,5.486919235069457e-07,357.631170199728
-6.048387096774192,3.450286982581096e-20,5.480003913268999e-07,248369.35124732603,5.521277977911381e-07,357.64234575527445
-5.975073313782989,3.450286982581096e-20,5.480003913268999e-07,248369.35124732603,5.521277977911381e-07,357.64234575527445
-5.901759530791786,3.450286982581096e-20,5.480003913268999e-07,248369.35124732603,5.521277977911381e-07,357.64234575527445
-5.828445747800586,3.450286982581096e-20,5.480003913268999e-07,248369.35124732603,5.521277977911381e-07,357.64234575527445
-5.755131964809383,3.4486315288103633e-20,5.475599950289454e-07,248288.8805714232,5.555393204800567e-07,357.6543163269995
-5.68181818181818,3.4486315288103633e-20,5.475599950289454e-07,248288.8805714232,5.555393204800567e-07,357.6543163269995
-5.608504398826977,3.4486315288103633e-20,5.475599950289454e-07,248288.8805714232,5.555393204800567e-07,357.6543163269995
-5.5351906158357735,3.4486315288103633e-20,5.475599950289454e-07,248288.8805714232,5.555393204800567e-07,357.6543163269995
-5.461876832844574,3.4461938272491486e-20,5.469402760946686e-07,248183.3024940703,5.589137125166356e-07,357.67039864827944
-5.388563049853367,3.4461938272491486e-20,5.469402760946686e-07,248183.3024940703,5.589137125166356e-07,357.67039864827944
-5.315249266862168,3.4461938272491486e-20,5.469402760946686e-07,248183.3024940703,5.589137125166356e-07,357.67039864827944
-5.241935483870968,3.4461938272491486e-20,5.469402760946686e-07,248183.3024940703,5.589137125166356e-07,357.67039864827944
-5.168621700879761,3.460918778947153e-20,5.804617770356991e-07,262273.59768541326,5.622888723529668e-07,356.9038274166286
-5.095307917888562,3.460918778947153e-20,5.804617770356991e-07,262273.59768541326,5.622888723529668e-07,356.9038274166286
-5.021994134897362,3.460918778947153e-20,5.804617770356991e-07,262273.59768541326,5.622888723529668e-07,356.9038274166286
-4.948680351906155,3.460918778947153e-20,5.804617770356991e-07,262273.59768541326,5.622888723529668e-07,356.9038274166286
-4.875366568914956,8.322139617243742e-20,1.5138825641285068e-05,2844654.6128107174,5.703036422014464e-07,183.58185131755215
-4.802052785923749,8.322139617243742e-20,1.5138825641285068e-05,2844654.6128107174,5.703036422014464e-07,183.58185131755215
-4.728739002932549,8.322139617243742e-20,1.5138825641285068e-05,2844654.6128107174,5.703036422014464e-07,183.58185131755215
-4.65542521994135,1.2408618055167745e-19,3.051361796874057e-05,3845409.9134496436,5.755687402918717e-07,117.72868579439935
-4.582111436950143,1.2408618055167745e-19,3.051361796874057e-05,3845409.9134496436,5.755687402918717e-07,117.72868579439935
-4.508797653958943,1.2828493926941329e-19,3.288780571204895e-05,4008958.6718976903,5.803221021393878e-07,106.26448612985129
-4.435483870967737,1.2828493926941329e-19,3.288780571204895e-05,4008958.6718976903,5.803221021393878e-07,106.26448612985129
-4.362170087976537,1.2723963442066574e-19,3.316130968704125e-05,4075506.7403001217,5.842566217781828e-07,94.40529157649927
-4.288856304985337,1.2723963442066574e-19,3.316130968704125e-05,4075506.7403001217,5.842566217781828e-07,94.40529157649927
-4.215542521994131,1.2658373961373955e-19,3.339787593620273e-05,4125848.5243512774,5.871208014939094e-07,75.99080112984781
-4.142228739002931,1.2658373961373955e-19,3.339787593620273e-05,4125848.5243512774,5.871208014939094e-07,75.99080112984781
-4.0689149560117315,1.2646080053354203e-19,3.355481691071046e-05,4149266.2231980693,5.887615170709729e-07,46.74460242576549
-3.9956011730205248,1.2646080053354203e-19,3.355481691071046e-05,4149266.2231980693,5.887615170709729e-07,46.74460242576549
-3.922287390029325,1.222284827928379e-19,3.356975643753023e-05,4294851.214501492,5.907194052182615e-07,15.404454188694217
-3.8489736070381184,1.222284827928379e-19,3.356975643753023e-05,4294851.214501492,5.907194052182615e-07,15.404454188694217
-3.775659824046919,1.3117799460209388e-19,3.377534080762286e-05,4026346.127660139,6.414045837453264e-07,17.867406082061184
-3.702346041055719,1.3117799460209388e-19,3.377534080762286e-05,4026346.127660139,6.414045837453264e-07,17.867406082061184
-3.6290322580645125,4.845876763851812e-19,3.433968106246964e-05,1108144.1186800776,2.9807854991835575e-06,13.892407139795361
-3.555718475073313,4.845876763851812e-19,3.433968106246964e-05,1108144.1186800776,2.9807854991835575e-06,13.892407139795361
-3.482404692082106,8.492879552321656e-18,3.424504282572356e-05,63054.35720596882,0.00012254582262686642,3.6929293547924376
-3.4090909090909065,8.492879552321656e-18,3.424504282572356e-05,63054.35720596882,0.00012254582262686642,3.6929293547924376
-3.335777126099707,3.345013029391432e-17,3.4366060695741675e-05,16065.871646636471,0.0010935538134258004,0.9991277060695184
-3.2624633431085,3.345013029391432e-17,3.4366060695741675e-05,16065.871646636471,0.0010935538134258004,0.9991277060695184
-3.1891495601173006,3.733936444244647e-17,3.793627061270099e-05,15887.664749444117,0.0027800831467103973,1.771407456417808
-3.115835777126101,3.733936444244647e-17,3.793627061270099e-05,15887.664749444117,0.0027800831467103973,1.771407456417808
-3.042521994134894,4.0675282591532426e-17,4.070883180615336e-05,15650.579211700826,0.005490640510628608,1.999384867552016
-2.9692082111436946,4.0675282591532426e-17,4.070883180615336e-05,15650.579211700826,0.005490640510628608,1.999384867552016
-2.895894428152488,4.4012622675441e-17,4.3206141320074355e-05,15351.138401238377,0.009617149076708329,2.3667493485067865
-2.8225806451612883,4.4012622675441e-17,4.3206141320074355e-05,15351.138401238377,0.009617149076708329,2.3667493485067865
-2.7492668621700886,4.7347092315574946e-17,4.540490813131352e-05,14996.221345501404,0.015578146952078379,2.880440631669059
-2.675953079178882,4.7347092315574946e-17,4.540490813131352e-05,14996.221345501404,0.015578146952078379,2.880440631669059
-2.6026392961876823,5.108788044645341e-17,4.768526264981568e-05,14596.161101312578,0.023861070977308323,3.3936069960219486
-2.5293255131964756,5.108788044645341e-17,4.768526264981568e-05,14596.161101312578,0.023861070977308323,3.3936069960219486
-2.456011730205276,5.599968566323634e-17,5.0697127803994485e-05,14156.963756275312,0.035167755886069185,3.8354743895856904
-2.3826979472140764,5.599968566323634e-17,5.0697127803994485e-05,14156.963756275312,0.035167755886069185,3.8354743895856904
-2.3093841642228696,6.038337842801677e-17,5.3296687166857466e-05,13802.417527237678,0.04223307088731508,4.155749737472512
-2.23607038123167,6.440544080451093e-17,5.5841427840210284e-05,13558.333475311349,0.050480843653909854,4.265824137324436
-2.1627565982404704,6.932906325674538e-17,5.88836209977657e-05,13281.634677007063,0.06022778998038758,4.359027789073941
-2.0894428152492637,7.531569965066494e-17,6.26363352617285e-05,13005.084522358506,0.0717595509580984,4.408433223214172
-2.016129032258064,8.300324774650632e-17,6.745062540992833e-05,12707.591603948387,0.0855865089892365,4.416398692265884
-1.9428152492668573,9.229558985368226e-17,7.316983661988336e-05,12397.196630549093,0.10225865426474895,4.3498473949808725
-1.8695014662756577,1.0435987221755779e-16,8.055062996740354e-05,12070.013520089182,0.1226562130555255,4.240862421138057
-1.796187683284458,1.1979642541613312e-16,8.980828737662179e-05,11723.165850657095,0.14795241900052,4.051592752491125
-1.7228739002932514,1.4033151252754456e-16,0.00010192531152483747,11357.93019680555,0.1799056909874176,3.7980901595073293
-1.6495601173020518,1.6779087187368675e-16,0.00011771146393871446,10970.408111759047,0.2210557629198494,3.4628129606074287
-1.576246334310845,2.054760015921795e-16,0.00013880504717738294,10563.710867735803,0.2752320146301165,3.0592655855642725
-1.5029325513196454,2.5787563792066354e-16,0.0001672030676585317,10139.260466804973,0.3481804108863747,2.589593759810435
-1.4296187683284458,3.3234742207657037e-16,0.0002062843951734099,9706.136968748444,0.4487137457622238,2.079775958397924
-1.356304985337239,4.4158911490443596e-16,0.0002620420356441147,9279.508179577524,0.5908229681582616,1.5703018860581566
-1.2829912023460395,6.038716742682766e-16,0.0003429283235274756,8880.36980763366,0.7960710719351632,1.0948359924619764
-1.2096774193548399,8.510847078747247e-16,0.0004646018998521811,8536.51382609349,1.0985954145865051,0.6761312279611903
-1.1363636363636331,1.3712118649305967e-15,0.0007264407145827801,8284.531782724858,1.60164860862906,0.175759014020107
-1.0630498533724335,1.0740717343399136e-14,0.0017477735782111304,2544.62761481397,5.586090476503214,1.2843459133472626
-0.9897360703812268,4.996633586290344e-14,0.0028267979710432985,884.6869519221668,24.1219064961629,0.027527501767073522
-0.9164222873900272,4.998377798409095e-14,0.00282667321924077,884.339206180619,42.664192951241574,0.03115074880140797
-0.8431085043988276,4.998377689199914e-14,0.00282660917378712,884.3191885535707,61.20647900119123,0.03678235449404083
-0.7697947214076208,4.998377689199914e-14,0.002826510718949433,884.2883864522474,79.74876505114088,0.04408925446944322
-0.6964809384164212,4.998377689199914e-14,0.0028263522300746055,884.2388023942594,98.29105110109053,0.05380617297888164
-0.6231671554252145,4.998377689199914e-14,0.0028260839993348524,884.1548850305421,116.83333715104018,0.06711937904214
-0.5498533724340149,4.998377689199914e-14,0.0028256010809990127,884.0038015504317,135.37562320098982,0.08604336985220541
-0.47653958944281527,4.998377689199914e-14,0.0028246608490979453,883.7096451741223,153.91790925093946,0.11422208155199505
-0.40322580645160855,4.998377689199914e-14,0.0028226331461868493,883.0752679105103,172.4601953008891,0.15879814274439738
-0.32991202346040893,4.998377689199914e-14,0.0028176074174583398,881.5029428815317,191.00248135083874,0.2353317013036229
-0.2565982404692093,4.998377689199914e-14,0.002802409612786691,876.7482316820978,209.54476740078837,0.3828804434107511
-0.1832844574780026,4.998377689199914e-14,0.0027900668378517523,872.8867311902061,228.087053450738,0.4697638980758731
-0.10997067448680298,4.998377689199914e-14,0.002811843536081646,879.6996830077488,246.62933950068765,0.2999592014074694
-0.036656891495596255,4.998377689199914e-14,0.0028227435161136145,883.10979770861,265.1716255506373,0.15669848641114814
0.03665689149560336,4.998377689199914e-14,0.0028262860137578897,884.2180862796971,283.713911600587,0.15669848640904716
0.10997067448680298,4.998377689199914e-14,0.002813497389261247,880.2170994639516,302.25619765053665,0.29995920141732113
0.1832844574780097,4.998377689199914e-14,0.002787920140267963,872.2151258324612,320.7984837004863,0.4697638981143232
0.2565982404692093,4.998377689199914e-14,0.0028007087647646052,876.2161126482065,339.340769750436,0.38288044349265804
0.32991202346041604,4.998377689199914e-14,0.002813497389261247,880.2170994639516,357.88305580038565,0.23533170144360352
0.40322580645161565,4.998377689199914e-14,0.0028262860137578884,884.2180862796968,376.4253418503353,0.15879814295701714
0.47653958944281527,4.998377689199914e-14,0.002826286013757889,884.2180862796969,394.967627900285,0.11422208185180174
0.549853372434022,4.998377689199914e-14,0.0028262860137578897,884.2180862796971,413.50991395023465,0.08604337025374025
0.6231671554252216,4.998377689199914e-14,0.002826286013757889,884.2180862796969,432.0522000001843,0.0671193795599412
0.6964809384164212,4.998377689199914e-14,0.002826286013757889,884.2180862796969,450.594486050134,0.053806173627485854
0.769794721407628,4.998377689199914e-14,0.002826286013757889,884.2180862796969,469.13677210008365,0.044089255263386286
0.8431085043988276,4.998377689199914e-14,0.002826286013757889,884.2180862796969,487.6790581500333,0.03678235544785807
0.9164222873900343,4.9983778736708175e-14,0.0028262861180652406,884.2180862796972,506.2213448843074,0.03115103608738083
0.9897360703812339,4.996794451749537e-14,0.0028253907869181635,884.218086279697,524.7577576602639,0.028124349485681023
1.0630498533724335,1.0947993444846287e-14,0.0020167951647883414,2880.71050733657,528.8190919321006,1.4832046724906824
1.1363636363636402,2.946498461420037e-15,0.0007433075357474881,3944.887940586852,529.9116874885724,0.94039393954092
1.2096774193548399,1.1540222224455975e-15,0.0003805155695063316,5156.21019803694,530.3389986686376,0.7206653800521816
1.2829912023460466,5.903314075826297e-16,0.00023884061930744296,6326.807966973183,530.5569533842569,0.5152121095399772
1.3563049853372462,3.5949708798626817e-16,0.00016893035197251133,7348.262532784922,530.6890939749275,0.41090229833008696
1.4296187683284458,2.4823726770287384e-16,0.00012875333300328945,8110.802976320372,530.7798371938588,0.3765022779845982
1.5029325513196525,1.8771910416918415e-16,0.00010285539204337829,8568.22662466957,530.8480592204745,0.34477040975684015
1.5762463343108521,1.507910273125454e-16,8.457035903752174e-05,8770.311693847292,530.9025532420472,0.3120799792446013
1.6495601173020518,1.2596016994761675e-16,7.092765717325056e-05,8805.51438380262,530.9478310684225,0.28403606127619535
1.7228739002932585,1.0790620153981489e-16,6.036493745283043e-05,8748.038867325049,530.9864218753858,0.2629384296331492
1.796187683284458,9.396766431521072e-17,5.196926871120897e-05,8648.494778672211,531.0198592923414,0.251238337336251
1.8695014662756648,8.275293689653857e-17,4.518397216975667e-05,8538.338055483919,531.0491554888424,0.2472030924311417
1.9428152492668644,7.342353668663532e-17,3.962063316146883e-05,8438.368085668366,531.0750082976299,0.24867541400502657
2.016129032258064,6.54910029162092e-17,3.502330756952117e-05,8362.726062100512,531.0979331996006,0.25280049594839854
2.089442815249271,5.862084478830897e-17,3.119564909443851e-05,8321.74315913778,531.1183222063664,0.2565191470094893
2.1627565982404704,5.255612013562781e-17,2.7970939042164585e-05,8322.544079398976,531.1364737283824,0.26111695301754045
2.236070381231677,4.717931692727632e-17,2.5263209833447332e-05,8373.542606560744,531.1526436972337,0.259859912284099
2.3093841642228767,4.242260356007595e-17,2.2996663961494768e-05,8476.95493867851,531.1670642340033,0.2485672429633641
2.3826979472140764,3.83726930753959e-17,2.11861001050456e-05,8633.782304601662,523.7463712645771,0.2553668724551841
2.456011730205283,3.83726930753959e-17,2.11861001050456e-05,8633.782304601662,523.7463712645771,0.2553668724551841
2.5293255131964827,3.292213512529495e-17,1.81637723283795e-05,8627.608119658824,523.7683001162706,0.28824798923809664
2.6026392961876823,3.292213512529495e-17,1.81637723283795e-05,8627.608119658824,523.7683001162706,0.28824798923809664
2.675953079178889,2.894490408017092e-17,1.5849341016231882e-05,8562.714207387797,523.7873704843342,0.3438954562887638
2.7492668621700886,2.894490408017092e-17,1.5849341016231882e-05,8562.714207387797,523.7873704843342,0.3438954562887638
2.8225806451612954,2.5960710733596412e-17,1.4027314572436177e-05,8449.486420368856,523.8043150513143,0.3864157777450033
2.895894428152495,2.5960710733596412e-17,1.4027314572436177e-05,8449.486420368856,523.8043150513143,0.3864157777450033
2.9692082111436946,2.3634015433815572e-17,1.2562840332262328e-05,8312.328140885355,523.8196174140623,0.40211272034742745
3.0425219941349013,2.3634015433815572e-17,1.2562840332262328e-05,8312.328140885355,523.8196174140623,0.40211272034742745
3.115835777126101,2.172777176125278e-17,1.1346923741511945e-05,8166.487459448043,523.8335861767882,0.4004545828617849
3.1891495601173077,2.172777176125278e-17,1.1346923741511945e-05,8166.487459448043,523.8335861767882,0.4004545828617849
3.2624633431085073,2.013168395174193e-17,1.0335115329599129e-05,8028.003949273399,523.8464451176296,0.38354336408886763
3.335777126099707,2.013168395174193e-17,1.0335115329599129e-05,8028.003949273399,523.8464451176296,0.38354336408886763
3.4090909090909136,1.876584334145972e-17,9.485848022232964e-06,7904.609678301734,523.8583573587856,0.3919224583264304
3.4824046920821132,1.876584334145972e-17,9.485848022232964e-06,7904.609678301734,523.8583573587856,0.3919224583264304
3.555718475073313,1.758312835484273e-17,8.773179635405908e-06,7802.490155570717,523.8694495467795,0.47800776303142584
3.6290322580645196,1.758312835484273e-17,8.773179635405908e-06,7802.490155570717,523.8694495467795,0.47800776303142584
3.702346041055719,1.6549157037689157e-17,8.173797539217401e-06,7723.610301650986,523.8798229766516,0.6490970530635751
3.775659824046926,1.6549157037689157e-17,8.173797539217401e-06,7723.610301650986,523.8798229766516,0.6490970530635751
3.8489736070381255,1.56345100970376e-17,7.664138067892065e-06,7665.6925432016205,523.8895582432615,0.8790257407672728
3.922287390029325,1.56345100970376e-17,7.664138067892065e-06,7665.6925432016205,523.8895582432615,0.8790257407672728
3.995601173020532,1.4813852361312315e-17,7.2245399611852694e-06,7626.311487452799,523.8987180144229,1.1488314638438655
4.0689149560117315,1.4813852361312315e-17,7.2245399611852694e-06,7626.311487452799,523.8987180144229,1.1488314638438655
4.142228739002938,1.406707165542644e-17,6.837238692573939e-06,7600.626577037344,523.907353028379,1.4467131089315255
4.215542521994138,1.406707165542644e-17,6.837238692573939e-06,7600.626577037344,523.907353028379,1.4467131089315255
4.288856304985337,1.3378435626978002e-17,6.489553777685036e-06,7585.45884376119,523.9155012035566,1.7649937060649576
4.362170087976544,1.3378435626978002e-17,6.489553777685036e-06,7585.45884376119,523.9155012035566,1.7649937060649576
4.435483870967744,1.2738121219064754e-17,6.181907459835414e-06,7589.086031719022,523.92320315676,2.111718349036961
4.508797653958943,1.2738121219064754e-17,6.181907459835414e-06,7589.086031719022,523.92320315676,2.111718349036961
4.58211143695015,1.2163740775085321e-17,5.905231481312929e-06,7591.75395010792,523.9304815006403,2.448696548053144
4.65542521994135,1.2163740775085321e-17,5.905231481312929e-06,7591.75395010792,523.9304815006403,2.448696548053144
4.7287390029325564,1.1365691570540175e-17,5.871544402373397e-06,8078.46479977376,504.1194939775017,2.9767037998496746
4.802052785923756,1.1365691570540175e-17,5.871544402373397e-06,8078.46479977376,504.1194939775017,2.9767037998496746
4.875366568914956,1.1365691570540175e-17,5.871544402373397e-06,8078.46479977376,504.1194939775017,2.9767037998496746
4.948680351906162,1.0144221177808502e-17,5.38418108749655e-06,8299.908457737421,504.130965860734,3.66976975266958
5.021994134897362,1.0144221177808502e-17,5.38418108749655e-06,8299.908457737421,504.130965860734,3.66976975266958
5.095307917888569,1.0144221177808502e-17,5.38418108749655e-06,8299.908457737421,504.130965860734,3.66976975266958
5.168621700879768,1.0144221177808502e-17,5.38418108749655e-06,8299.908457737421,504.130965860734,3.66976975266958
5.241935483870968,9.183387492145328e-18,4.988330040484202e-06,8494.24188598919,504.1410436828805,4.271195609656147
5.315249266862175,9.183387492145328e-18,4.988330040484202e-06,8494.24188598919,504.1410436828805,4.271195609656147
5.388563049853374,9.183387492145328e-18,4.988330040484202e-06,8494.24188598919,504.1410436828805,4.271195609656147
5.461876832844574,9.183387492145328e-18,4.988330040484202e-06,8494.24188598919,504.1410436828805,4.271195609656147
5.535190615835781,8.369437288038443e-18,4.645128968419569e-06,8679.083581443098,504.1499436156831,4.815537605817092
5.60850439882698,8.369437288038443e-18,4.645128968419569e-06,8679.083581443098,504.1499436156831,4.815537605817092
5.681818181818187,8.369437288038443e-18,4.645128968419569e-06,8679.083581443098,504.1499436156831,4.815537605817092
5.755131964809387,8.369437288038443e-18,4.645128968419569e-06,8679.083581443098,504.1499436156831,4.815537605817092
5.828445747800586,7.670399165478572e-18,4.344862063948954e-06,8857.89203037589,504.15783419695583,5.318222891392774
5.901759530791793,7.670399165478572e-18,4.344862063948954e-06,8857.89203037589,504.15783419695583,5.318222891392774
5.975073313782993,7.670399165478572e-18,4.344862063948954e-06,8857.89203037589,504.15783419695583,5.318222891392774
6.048387096774199,7.670399165478572e-18,4.344862063948954e-06,8857.89203037589,504.15783419695583,5.318222891392774
6.121700879765399,7.064457463980783e-18,4.0827841998113086e-06,9037.534429911011,504.1648518216084,5.787595413525343
6.1950146627565985,7.064457463980783e-18,4.0827841998113086e-06,9037.534429911011,504.1648518216084,5.787595413525343
6.268328445747805,7.064457463980783e-18,4.0827841998113086e-06,9037.534429911011,504.1648518216084,5.787595413525343
6.341642228739005,7.064457463980783e-18,4.0827841998113086e-06,9037.534429911011,504.1648518216084,5.787595413525343
6.4149560117302045,7.064457463980783e-18,4.0827841998113086e-06,9037.534429911011,504.1648518216084,5.787595413525343
6.488269794721411,6.537212810333315e-18,3.854692860968002e-06,9220.819281273754,504.17110973609965,6.233754592149057
6.561583577712611,6.537212810333315e-18,3.854692860968002e-06,9220.819281273754,504.17110973609965,6.233754592149057
6.6348973607038175,6.537212810333315e-18,3.854692860968002e-06,9220.819281273754,504.17110973609965,6.233754592149057
6.708211143695017,6.537212810333315e-18,3.854692860968002e-06,9220.819281273754,504.17110973609965,6.233754592149057
6.781524926686217,6.0717649943422e-18,3.654537616346815e-06,9412.171598010054,504.17669774380255,6.662419531059579
6.8548387096774235,6.0717649943422e-18,3.654537616346815e-06,9412.171598010054,504.17669774380255,6.662419531059579
6.928152492668623,6.0717649943422e-18,3.654537616346815e-06,9412.171598010054,504.17669774380255,6.662419531059579
7.00146627565983,6.0717649943422e-18,3.654537616346815e-06,9412.171598010054,504.17669774380255,6.662419531059579
7.074780058651029,5.659324749165129e-18,3.4790645068462385e-06,9613.24961942555,504.18169124531306,7.089778058562284
7.148093841642229,5.659324749165129e-18,3.4790645068462385e-06,9613.24961942555,504.18169124531306,7.089778058562284
7.221407624633436,5.659324749165129e-18,3.4790645068462385e-06,9613.24961942555,504.18169124531306,7.089778058562284
7.294721407624635,5.659324749165129e-18,3.4790645068462385e-06,9613.24961942555,504.18169124531306,7.089778058562284
7.368035190615835,5.290318997811743e-18,3.322062113097146e-06,9819.700501593803,504.1861530676099,7.515706410823398
7.441348973607042,5.290318997811743e-18,3.322062113097146e-06,9819.700501593803,504.1861530676099,7.515706410823398
7.514662756598241,5.290318997811743e-18,3.322062113097146e-06,9819.700501593803,504.1861530676099,7.515706410823398
7.587976539589448,5.290318997811743e-18,3.322062113097146e-06,9819.700501593803,504.1861530676099,7.515706410823398
7.661290322580648,4.965715057581436e-18,3.188213117379829e-06,10040.096868173865,504.19014517346363,7.937879521514938
7.734604105571847,4.965715057581436e-18,3.188213117379829e-06,10040.096868173865,504.19014517346363,7.937879521514938
7.807917888563054,4.965715057581436e-18,3.188213117379829e-06,10040.096868173865,504.19014517346363,7.937879521514938
7.881231671554254,4.965715057581436e-18,3.188213117379829e-06,10040.096868173865,504.19014517346363,7.937879521514938
7.95454545454546,4.965715057581436e-18,3.188213117379829e-06,10040.096868173865,504.19014517346363,7.937879521514938
8.02785923753666,4.680940599102888e-18,3.0756497763802483e-06,10274.864536904046,504.19372354599267,8.347886225656717
8.10117302052786,4.680940599102888e-18,3.0756497763802483e-06,10274.864536904046,504.19372354599267,8.347886225656717
8.174486803519066,4.680940599102888e-18,3.0756497763802483e-06,10274.864536904046,504.19372354599267,8.347886225656717
8.247800586510266,4.680940599102888e-18,3.0756497763802483e-06,10274.864536904046,504.19372354599267,8.347886225656717
8.321114369501466,4.432849957327011e-18,2.984828203901823e-06,10529.522139839612,504.1969377299469,8.752318443069507
8.394428152492672,4.432849957327011e-18,2.984828203901823e-06,10529.522139839612,504.1969377299469,8.752318443069507
8.467741935483872,4.432849957327011e-18,2.984828203901823e-06,10529.522139839612,504.1969377299469,8.752318443069507
8.541055718475079,4.432849957327011e-18,2.984828203901823e-06,10529.522139839612,504.1969377299469,8.752318443069507
8.614369501466278,4.213253343753315e-18,2.9087296631189424e-06,10795.882264768266,504.1998280453822,9.160944307336221
8.687683284457478,4.213253343753315e-18,2.9087296631189424e-06,10795.882264768266,504.1998280453822,9.160944307336221
8.760997067448685,4.213253343753315e-18,2.9087296631189424e-06,10795.882264768266,504.1998280453822,9.160944307336221
8.834310850439884,4.213253343753315e-18,2.9087296631189424e-06,10795.882264768266,504.1998280453822,9.160944307336221
8.907624633431091,4.01757280004495e-18,2.8435103939493904e-06,11067.853932498909,504.20242897784476,9.573936717716752
8.98093841642229,4.01757280004495e-18,2.8435103939493904e-06,11067.853932498909,504.20242897784476,9.573936717716752
9.05425219941349,4.01757280004495e-18,2.8435103939493904e-06,11067.853932498909,504.20242897784476,9.573936717716752
9.127565982404697,4.01757280004495e-18,2.8435103939493904e-06,11067.853932498909,504.20242897784476,9.573936717716752
9.200879765395896,3.8440421338595275e-18,2.78947155590902e-06,11347.655742467292,504.204771159674,9.989120026718222
9.274193548387096,3.8440421338595275e-18,2.78947155590902e-06,11347.655742467292,504.204771159674,9.989120026718222
9.347507331378303,3.8440421338595275e-18,2.78947155590902e-06,11347.655742467292,504.204771159674,9.989120026718222
9.420821114369502,3.690502729309003e-18,2.7464294447570647e-06,11637.381444775703,504.2068815344506,10.403312190264632
9.49413489736071,3.690502729309003e-18,2.7464294447570647e-06,11637.381444775703,504.2068815344506,10.403312190264632
9.567448680351909,3.690502729309003e-18,2.7464294447570647e-06,11637.381444775703,504.2068815344506,10.403312190264632
9.640762463343108,3.554808749452891e-18,2.714014076466339e-06,11939.007069365145,504.2087840070409,10.815984495369047
9.714076246334315,3.554808749452891e-18,2.714014076466339e-06,11939.007069365145,504.2087840070409,10.815984495369047
9.787390029325515,3.554808749452891e-18,2.714014076466339e-06,11939.007069365145,504.2087840070409,10.815984495369047
9.860703812316721,3.554808749452891e-18,2.714014076466339e-06,11939.007069365145,504.2087840070409,10.815984495369047
9.934017595307921,3.435214273285292e-18,2.6913634079419092e-06,12251.545175747211,504.21049999653803,11.228056928843317
10.00733137829912,3.435214273285292e-18,2.6913634079419092e-06,12251.545175747211,504.21049999653803,11.228056928843317
10.080645161290327,3.435214273285292e-18,2.6913634079419092e-06,12251.545175747211,504.21049999653803,11.228056928843317
10.153958944281527,3.435214273285292e-18,2.6913634079419092e-06,12251.545175747211,504.21049999653803,11.228056928843317
10.227272727272727,3.3295262779388453e-18,2.676985816189093e-06,12572.914933643428,504.2120485048796,11.640340850320717
10.300586510263933,3.3295262779388453e-18,2.676985816189093e-06,12572.914933643428,504.2120485048796,11.640340850320717
10.373900293255133,3.3295262779388453e-18,2.676985816189093e-06,12572.914933643428,504.2120485048796,11.640340850320717
10.44721407624634,3.3295262779388453e-18,2.676985816189093e-06,12572.914933643428,504.2120485048796,11.640340850320717
10.52052785923754,3.235456593188094e-18,2.6703630419071274e-06,12906.458370407727,504.2134462721139,12.054611581177195
10.593841642228739,3.235456593188094e-18,2.6703630419071274e-06,12906.458370407727,504.2134462721139,12.054611581177195
10.667155425219946,3.235456593188094e-18,2.6703630419071274e-06,12906.458370407727,504.2134462721139,12.054611581177195
10.740469208211145,3.235456593188094e-18,2.6703630419071274e-06,12906.458370407727,504.2134462721139,12.054611581177195
10.813782991202352,3.1524744366251286e-18,2.669634330085923e-06,13242.578585607263,504.2147082838404,12.467904526052827
10.887096774193552,3.1524744366251286e-18,2.669634330085923e-06,13242.578585607263,504.2147082838404,12.467904526052827
10.960410557184751,3.1524744366251286e-18,2.669634330085923e-06,13242.578585607263,504.2147082838404,12.467904526052827
11.033724340175958,3.1524744366251286e-18,2.669634330085923e-06,13242.578585607263,504.2147082838404,12.467904526052827
11.107038123167158,3.1524744366251286e-18,2.669634330085923e-06,13242.578585607263,504.2147082838404,12.467904526052827
11.180351906158357,3.0777608403463203e-18,2.671310197825752e-06,13572.561130775386,504.2158473355423,12.875676803844323
11.253665689149564,3.0777608403463203e-18,2.671310197825752e-06,13572.561130775386,504.2158473355423,12.875676803844323
11.326979472140764,3.0777608403463203e-18,2.671310197825752e-06,13572.561130775386,504.2158473355423,12.875676803844323
11.40029325513197,3.0777608403463203e-18,2.671310197825752e-06,13572.561130775386,504.2158473355423,12.875676803844323
11.47360703812317,3.00771498107998e-18,2.675229431029508e-06,13909.025666958421,504.2168740959045,13.283002793784345
11.54692082111437,3.00771498107998e-18,2.675229431029508e-06,13909.025666958421,504.2168740959045,13.283002793784345
11.620234604105576,3.00771498107998e-18,2.675229431029508e-06,13909.025666958421,504.2168740959045,13.283002793784345
11.693548387096776,3.00771498107998e-18,2.675229431029508e-06,13909.025666958421,504.2168740959045,13.283002793784345
11.766862170087983,2.9427367139376593e-18,2.6818551332869564e-06,14251.358367014438,504.2177984223738,13.683617420139988
11.840175953079182,2.9427367139376593e-18,2.6818551332869564e-06,14251.358367014438,504.2177984223738,13.683617420139988
11.913489736070382,2.9427367139376593e-18,2.6818551332869564e-06,14251.358367014438,504.2177984223738,13.683617420139988
11.986803519061588,2.9427367139376593e-18,2.6818551332869564e-06,14251.358367014438,504.2177984223738,13.683617420139988
12.060117302052788,2.883766563362863e-18,2.6906689244768544e-06,14590.578613777687,504.21862980476527,14.07613270728345
12.133431085043988,2.883766563362863e-18,2.6906689244768544e-06,14590.578613777687,504.21862980476527,14.07613270728345
12.206744868035194,2.883766563362863e-18,2.6906689244768544e-06,14590.578613777687,504.21862980476527,14.07613270728345
12.280058651026394,2.883766563362863e-18,2.6906689244768544e-06,14590.578613777687,504.21862980476527,14.07613270728345
12.3533724340176,2.828153451978286e-18,2.699697761826849e-06,14927.412371036005,504.21937673713927,14.458132605279626
12.4266862170088,2.828153451978286e-18,2.699697761826849e-06,14927.412371036005,504.21937673713927,14.458132605279626
12.5,2.828153451978286e-18,2.699697761826849e-06,14927.412371036005,504.21937673713927,14.458132605279626
12.573313782991207,2.828153451978286e-18,2.699697761826849e-06,14927.412371036005,504.21937673713927,14.458132605279626
12.646627565982406,2.828153451978286e-18,2.699697761826849e-06,14927.412371036005,504.21937673713927,14.458132605279626
12.719941348973613,2.7728792926052056e-18,2.703227959555848e-06,15244.881753597212,504.2200461346954,14.830614553895774
12.793255131964813,2.7728792926052056e-18,2.703227959555848e-06,15244.881753597212,504.2200461346954,14.830614553895774
12.866568914956012,2.7728792926052056e-18,2.703227959555848e-06,15244.881753597212,504.2200461346954,14.830614553895774
12.939882697947219,2.7728792926052056e-18,2.703227959555848e-06,15244.881753597212,504.2200461346954,14.830614553895774
13.013196480938419,2.717626633050817e-18,2.702554469729512e-06,15550.953394268576,504.2206444006118,15.202001526078032
13.086510263929618,2.717626633050817e-18,2.702554469729512e-06,15550.953394268576,504.2206444006118,15.202001526078032
13.159824046920825,2.717626633050817e-18,2.702554469729512e-06,15550.953394268576,504.2206444006118,15.202001526078032
13.233137829912025,2.717626633050817e-18,2.702554469729512e-06,15550.953394268576,504.2206444006118,15.202001526078032
13.306451612903231,2.662568684497082e-18,2.6969881976813156e-06,15839.832328692071,504.22117794669384,15.568142252850553
13.379765395894431,2.662568684497082e-18,2.6969881976813156e-06,15839.832328692071,504.22117794669384,15.568142252850553
13.45307917888563,2.662568684497082e-18,2.6969881976813156e-06,15839.832328692071,504.22117794669384,15.568142252850553
13.526392961876837,2.662568684497082e-18,2.6969881976813156e-06,15839.832328692071,504.22117794669384,15.568142252850553
13.599706744868037,2.6073182724522563e-18,2.68437824108824e-06,16099.85688703143,504.22165295629196,15.918404871579865
13.673020527859244,2.6073182724522563e-18,2.68437824108824e-06,16099.85688703143,504.22165295629196,15.918404871579865
13.746334310850443,2.6073182724522563e-18,2.68437824108824e-06,16099.85688703143,504.22165295629196,15.918404871579865
13.819648093841643,2.6073182724522563e-18,2.68437824108824e-06,16099.85688703143,504.22165295629196,15.918404871579865
13.89296187683285,2.5510579854662335e-18,2.6637725074372927e-06,16328.607734457653,504.22207514990896,16.247337103911146
13.96627565982405,2.5510579854662335e-18,2.6637725074372927e-06,16328.607734457653,504.22207514990896,16.247337103911146
14.039589442815249,2.5510579854662335e-18,2.6637725074372927e-06,16328.607734457653,504.22207514990896,16.247337103911146
14.112903225806456,2.4931175218460115e-18,2.634909702577222e-06,16527.049949196306,504.22244981123237,16.552892404144973
14.186217008797655,2.4931175218460115e-18,2.634909702577222e-06,16527.049949196306,504.22244981123237,16.552892404144973
14.259530791788862,2.4931175218460115e-18,2.634909702577222e-06,16527.049949196306,504.22244981123237,16.552892404144973
14.332844574780061,2.4335553821449936e-18,2.5987302859764624e-06,16699.071625651533,504.2227818370804,16.83555233028017
14.406158357771261,2.4335553821449936e-18,2.5987302859764624e-06,16699.071625651533,504.2227818370804,16.83555233028017
14.479472140762468,2.4335553821449936e-18,2.5987302859764624e-06,16699.071625651533,504.2227818370804,16.83555233028017
14.552785923753667,2.4335553821449936e-18,2.5987302859764624e-06,16699.071625651533,504.2227818370804,16.83555233028017
14.626099706744874,2.37283190597531e-18,2.556843247922579e-06,16850.371652936607,504.2230758885801,17.09380312202807
14.699413489736074,2.37283190597531e-18,2.556843247922579e-06,16850.371652936607,504.2230758885801,17.09380312202807
14.772727272727273,2.37283190597531e-18,2.556843247922579e-06,16850.371652936607,504.2230758885801,17.09380312202807
14.84604105571848,2.37283190597531e-18,2.556843247922579e-06,16850.371652936607,504.2230758885801,17.09380312202807
14.91935483870968,2.311700815423361e-18,2.511178744318602e-06,16987.065227459396,504.22333635997984,17.325636711057385
14.99266862170088,2.311700815423361e-18,2.511178744318602e-06,16987.065227459396,504.22333635997984,17.325636711057385
15.065982404692086,2.311700815423361e-18,2.511178744318602e-06,16987.065227459396,504.22333635997984,17.325636711057385
15.139296187683286,2.311700815423361e-18,2.511178744318602e-06,16987.065227459396,504.22333635997984,17.325636711057385
15.212609970674492,2.250744289628942e-18,2.462699270100516e-06,17110.29820438547,504.2235672580546,17.531118405808012
15.285923753665692,2.250744289628942e-18,2.462699270100516e-06,17110.29820438547,504.2235672580546,17.531118405808012
15.359237536656892,2.250744289628942e-18,2.462699270100516e-06,17110.29820438547,504.2235672580546,17.531118405808012
15.432551319648098,2.250744289628942e-18,2.462699270100516e-06,17110.29820438547,504.2235672580546,17.531118405808012
15.505865102639298,2.1907423455531268e-18,2.4128200273801517e-06,17222.88810449232,504.22377225551537,17.711878494109655
15.579178885630505,2.1907423455531268e-18,2.4128200273801517e-06,17222.88810449232,504.22377225551537,17.711878494109655
15.652492668621704,2.1907423455531268e-18,2.4128200273801517e-06,17222.88810449232,504.22377225551537,17.711878494109655
15.725806451612904,2.1907423455531268e-18,2.4128200273801517e-06,17222.88810449232,504.22377225551537,17.711878494109655
15.79912023460411,2.1907423455531268e-18,2.4128200273801517e-06,17222.88810449232,504.22377225551537,17.711878494109655
15.87243401759531,2.1329379730128477e-18,2.365210712918699e-06,17340.593806027657,504.223954695395,17.875526413795075
15.94574780058651,2.1329379730128477e-18,2.365210712918699e-06,17340.593806027657,504.223954695395,17.875526413795075
16.019061583577717,2.1329379730128477e-18,2.365210712918699e-06,17340.593806027657,504.223954695395,17.875526413795075
16.092375366568916,2.1329379730128477e-18,2.365210712918699e-06,17340.593806027657,504.223954695395,17.875526413795075
16.165689149560123,2.0780204510491043e-18,2.3209597600503887e-06,17465.866947165552,504.2241175084447,18.026231131624876
16.239002932551323,2.0780204510491043e-18,2.3209597600503887e-06,17465.866947165552,504.2241175084447,18.026231131624876
16.312316715542522,2.0780204510491043e-18,2.3209597600503887e-06,17465.866947165552,504.2241175084447,18.026231131624876
16.38563049853373,2.0780204510491043e-18,2.3209597600503887e-06,17465.866947165552,504.2241175084447,18.026231131624876
16.45894428152493,2.0260331285801817e-18,2.279795326841728e-06,17596.31267968006,504.2242631801543,18.167324956532724
16.532258064516135,2.0260331285801817e-18,2.279795326841728e-06,17596.31267968006,504.2242631801543,18.167324956532724
16.605571847507335,2.0260331285801817e-18,2.279795326841728e-06,17596.31267968006,504.2242631801543,18.167324956532724
16.678885630498534,2.0260331285801817e-18,2.279795326841728e-06,17596.31267968006,504.2242631801543,18.167324956532724
16.75219941348974,1.9767868040629625e-18,2.2411699425666573e-06,17729.125322923494,504.2243938119085,18.299977590039486
16.82551319648094,1.9767868040629625e-18,2.2411699425666573e-06,17729.125322923494,504.2243938119085,18.299977590039486
16.89882697947214,1.9767868040629625e-18,2.2411699425666573e-06,17729.125322923494,504.2243938119085,18.299977590039486
16.972140762463347,1.9767868040629625e-18,2.2411699425666573e-06,17729.125322923494,504.2243938119085,18.299977590039486
17.045454545454547,1.929601203214927e-18,2.2039125062756754e-06,17860.727397441995,504.22451118052766,18.422853180249533
17.118768328445753,1.929601203214927e-18,2.2039125062756754e-06,17860.727397441995,504.22451118052766,18.422853180249533
17.192082111436953,1.929601203214927e-18,2.2039125062756754e-06,17860.727397441995,504.22451118052766,18.422853180249533
17.265395894428153,1.929601203214927e-18,2.2039125062756754e-06,17860.727397441995,504.22451118052766,18.422853180249533
17.33870967741936,1.929601203214927e-18,2.2039125062756754e-06,17860.727397441995,504.22451118052766,18.422853180249533
17.41202346041056,1.8838747351860258e-18,2.1671828754724835e-06,17989.367439256974,504.22461682838104,18.53478248353982
17.485337243401766,1.8838747351860258e-18,2.1671828754724835e-06,17989.367439256974,504.22461682838104,18.53478248353982
17.558651026392965,1.8838747351860258e-18,2.1671828754724835e-06,17989.367439256974,504.22461682838104,18.53478248353982
17.631964809384165,1.8838747351860258e-18,2.1671828754724835e-06,17989.367439256974,504.22461682838104,18.53478248353982
17.70527859237537,1.8394122495930916e-18,2.1304930702053714e-06,18112.291766892424,504.22471213625454,18.6354556915245
17.77859237536657,1.8394122495930916e-18,2.1304930702053714e-06,18112.291766892424,504.22471213625454,18.6354556915245
17.85190615835777,1.8394122495930916e-18,2.1304930702053714e-06,18112.291766892424,504.22471213625454,18.6354556915245
17.925219941348978,1.8394122495930916e-18,2.1304930702053714e-06,18112.291766892424,504.22471213625454,18.6354556915245
17.998533724340177,1.7961135948299697e-18,2.093540718392666e-06,18227.200296642368,504.2247983387693,18.725344125832226
18.071847507331384,1.7961135948299697e-18,2.093540718392666e-06,18227.200296642368,504.2247983387693,18.725344125832226
18.145161290322584,1.7961135948299697e-18,2.093540718392666e-06,18227.200296642368,504.2247983387693,18.725344125832226
18.218475073313783,1.7961135948299697e-18,2.093540718392666e-06,18227.200296642368,504.2247983387693,18.725344125832226
18.29178885630499,1.7541148491571802e-18,2.056005797638636e-06,18328.995470758728,504.22487651218376,18.80314217490005
18.36510263929619,1.7541148491571802e-18,2.056005797638636e-06,18328.995470758728,504.22487651218376,18.80314217490005
18.438416422287396,1.7541148491571802e-18,2.056005797638636e-06,18328.995470758728,504.22487651218376,18.80314217490005
18.511730205278596,1.7541148491571802e-18,2.056005797638636e-06,18328.995470758728,504.22487651218376,18.80314217490005
18.585043988269796,1.7133810477067133e-18,2.0175390025292893e-06,18413.66909624435,504.2249475576467,18.86719316560492
18.658357771261002,1.7133810477067133e-18,2.0175390025292893e-06,18413.66909624435,504.2249475576467,18.86719316560492
18.731671554252202,1.7133810477067133e-18,2.0175390025292893e-06,18413.66909624435,504.2249475576467,18.86719316560492
18.80498533724341,1.6737441073311247e-18,1.9775456629371517e-06,18476.079120909326,504.2250122057029,18.916353550579974
18.878299120234608,1.6737441073311247e-18,1.9775456629371517e-06,18476.079120909326,504.2250122057029,18.916353550579974
18.951612903225808,1.6737441073311247e-18,1.9775456629371517e-06,18476.079120909326,504.2250122057029,18.916353550579974
19.024926686217015,1.6348596565340425e-18,1.9354475840966566e-06,18512.850384380123,504.225071037155,18.950859303772326
19.098240469208214,1.6348596565340425e-18,1.9354475840966566e-06,18512.850384380123,504.225071037155,18.950859303772326
19.171554252199414,1.6348596565340425e-18,1.9354475840966566e-06,18512.850384380123,504.225071037155,18.950859303772326
19.24486803519062,1.6348596565340425e-18,1.9354475840966566e-06,18512.850384380123,504.225071037155,18.950859303772326
19.31818181818182,1.5964504149501001e-18,1.8911593999763476e-06,18524.43861802941,504.22512453204104,18.970560090736054
19.391495601173027,1.5964504149501001e-18,1.8911593999763476e-06,18524.43861802941,504.22512453204104,18.970560090736054
19.464809384164226,1.5964504149501001e-18,1.8911593999763476e-06,18524.43861802941,504.22512453204104,18.970560090736054
19.538123167155426,1.5964504149501001e-18,1.8911593999763476e-06,18524.43861802941,504.22512453204104,18.970560090736054
19.611436950146633,1.5590218341188806e-18,1.8452484666256842e-06,18508.66136028812,504.22517313038674,18.973710019707866
19.684750733137832,1.5590218341188806e-18,1.8452484666256842e-06,18508.66136028812,504.22517313038674,18.973710019707866
19.75806451612904,1.5590218341188806e-18,1.8452484666256842e-06,18508.66136028812,504.22517313038674,18.973710019707866
19.83137829912024,1.5590218341188806e-18,1.8452484666256842e-06,18508.66136028812,504.22517313038674,18.973710019707866
19.90469208211144,1.5234148150838112e-18,1.8002393937700023e-06,18479.25421997068,504.22521726251347,18.96627389075337
19.978005865102645,1.5234148150838112e-18,1.8002393937700023e-06,18479.25421997068,504.22521726251347,18.96627389075337
20.051319648093845,1.5234148150838112e-18,1.8002393937700023e-06,18479.25421997068,504.22521726251347,18.96627389075337
20.124633431085044,1.5234148150838112e-18,1.8002393937700023e-06,18479.25421997068,504.22521726251347,18.96627389075337
20.19794721407625,1.4894773052412733e-18,1.756345093058449e-06,18439.464954930238,504.225257326477,18.950661793534042
20.27126099706745,1.4894773052412733e-18,1.756345093058449e-06,18439.464954930238,504.225257326477,18.950661793534042
20.344574780058657,1.4894773052412733e-18,1.756345093058449e-06,18439.464954930238,504.225257326477,18.950661793534042
20.417888563049857,1.4894773052412733e-18,1.756345093058449e-06,18439.464954930238,504.225257326477,18.950661793534042
20.491202346041057,1.4894773052412733e-18,1.756345093058449e-06,18439.464954930238,504.225257326477,18.950661793534042
20.564516129032263,1.457022244519942e-18,1.7131212892797117e-06,18386.297539333475,504.2252936919355,18.92968871546184
20.637829912023463,1.457022244519942e-18,1.7131212892797117e-06,18386.297539333475,504.2252936919355,18.92968871546184
20.71114369501467,1.457022244519942e-18,1.7131212892797117e-06,18386.297539333475,504.2252936919355,18.92968871546184
20.78445747800587,1.457022244519942e-18,1.7131212892797117e-06,18386.297539333475,504.2252936919355,18.92968871546184
20.85777126099707,1.426466230790166e-18,1.6715330629767197e-06,18324.23405619631,504.22532671152004,18.91121979345579
20.931085043988276,1.426466230790166e-18,1.6715330629767197e-06,18324.23405619631,504.22532671152004,18.91121979345579
21.004398826979475,1.426466230790166e-18,1.6715330629767197e-06,18324.23405619631,504.22532671152004,18.91121979345579
21.077712609970675,1.426466230790166e-18,1.6715330629767197e-06,18324.23405619631,504.22532671152004,18.91121979345579
21.15102639296188,1.3978578811342772e-18,1.631991505380245e-06,18256.908059430345,504.22535670605487,18.897800211226492
21.22434017595308,1.3978578811342772e-18,1.631991505380245e-06,18256.908059430345,504.22535670605487,18.897800211226492
21.297653958944288,1.3978578811342772e-18,1.631991505380245e-06,18256.908059430345,504.22535670605487,18.897800211226492
21.370967741935488,1.3978578811342772e-18,1.631991505380245e-06,18256.908059430345,504.22535670605487,18.897800211226492
21.444281524926687,1.3709216915935231e-18,1.5941701624631679e-06,18184.207651921613,504.22538395687195,18.888300185857293
21.517595307917894,1.3709216915935231e-18,1.5941701624631679e-06,18184.207651921613,504.22538395687195,18.888300185857293
21.590909090909093,1.3709216915935231e-18,1.5941701624631679e-06,18184.207651921613,504.22538395687195,18.888300185857293
21.6642228739003,1.3709216915935231e-18,1.5941701624631679e-06,18184.207651921613,504.22538395687195,18.888300185857293
21.7375366568915,1.3452703901928837e-18,1.5575458210793412e-06,18105.21150155845,504.2254087095668,18.882190497324668
21.8108504398827,1.3452703901928837e-18,1.5575458210793412e-06,18105.21150155845,504.2254087095668,18.882190497324668
21.884164222873906,1.3452703901928837e-18,1.5575458210793412e-06,18105.21150155845,504.2254087095668,18.882190497324668
21.957478005865106,1.3452703901928837e-18,1.5575458210793412e-06,18105.21150155845,504.2254087095668,18.882190497324668
22.030791788856305,1.3452703901928837e-18,1.5575458210793412e-06,18105.21150155845,504.2254087095668,18.882190497324668
22.104105571847512,1.3210702179892543e-18,1.5226118587159782e-06,18023.35595180788,504.2254311912823,18.88179953002765
22.17741935483871,1.3210702179892543e-18,1.5226118587159782e-06,18023.35595180788,504.2254311912823,18.88179953002765
22.25073313782992,1.3210702179892543e-18,1.5226118587159782e-06,18023.35595180788,504.2254311912823,18.88179953002765
22.324046920821118,1.3210702179892543e-18,1.5226118587159782e-06,18023.35595180788,504.2254311912823,18.88179953002765
22.397360703812318,1.2981601027388899e-18,1.48921752529162e-06,17939.16542990181,504.2254516056578,18.888979964385957
22.470674486803524,1.2981601027388899e-18,1.48921752529162e-06,17939.16542990181,504.2254516056578,18.888979964385957
22.543988269794724,1.2981601027388899e-18,1.48921752529162e-06,17939.16542990181,504.2254516056578,18.888979964385957
22.61730205278593,1.2981601027388899e-18,1.48921752529162e-06,17939.16542990181,504.2254516056578,18.888979964385957
22.69061583577713,1.2763231055947237e-18,1.4570868837334712e-06,17852.423112547247,504.2254701377801,18.904022386565526
22.76392961876833,1.2763231055947237e-18,1.4570868837334712e-06,17852.423112547247,504.2254701377801,18.904022386565526
22.837243401759537,1.2763231055947237e-18,1.4570868837334712e-06,17852.423112547247,504.2254701377801,18.904022386565526
22.910557184750736,1.2763231055947237e-18,1.4570868837334712e-06,17852.423112547247,504.2254701377801,18.904022386565526
22.983870967741936,1.2558943233203509e-18,1.4267663996442198e-06,17765.28297987952,504.22548696145805,18.92734924353486
23.057184750733143,1.2558943233203509e-18,1.4267663996442198e-06,17765.28297987952,504.22548696145805,18.92734924353486
23.130498533724342,1.2558943233203509e-18,1.4267663996442198e-06,17765.28297987952,504.22548696145805,18.92734924353486
23.20381231671555,1.2558943233203509e-18,1.4267663996442198e-06,17765.28297987952,504.22548696145805,18.92734924353486
23.27712609970675,1.236224957734756e-18,1.3974233234697079e-06,17676.76687032668,504.2255022332138,18.959468084272874
23.35043988269795,1.236224957734756e-18,1.3974233234697079e-06,17676.76687032668,504.2255022332138,18.959468084272874
23.423753665689155,1.236224957734756e-18,1.3974233234697079e-06,17676.76687032668,504.2255022332138,18.959468084272874
23.497067448680355,1.2180298517140874e-18,1.3699120921712648e-06,17587.62191555642,650.9408449878098,18.998788610175534
23.57038123167156,1.2180298517140874e-18,1.3699120921712648e-06,17587.62191555642,650.9408449878098,18.998788610175534
23.64369501466276,1.2180298517140874e-18,1.3699120921712648e-06,17587.62191555642,650.9408449878098,18.998788610175534
23.71700879765396,1.20117762387556e-18,1.344737084013219e-06,17506.62794999403,650.9408575980975,19.04463090031356
23.790322580645167,1.20117762387556e-18,1.344737084013219e-06,17506.62794999403,650.9408575980975,19.04463090031356
23.863636363636367,1.20117762387556e-18,1.344737084013219e-06,17506.62794999403,650.9408575980975,19.04463090031356
23.936950146627566,1.20117762387556e-18,1.344737084013219e-06,17506.62794999403,650.9408575980975,19.04463090031356
24.010263929618773,1.1858852552836808e-18,1.3215029219155362e-06,17426.00411977803,650.940869075535,19.098346119616085
24.083577712609973,1.1858852552836808e-18,1.3215029219155362e-06,17426.00411977803,650.940869075535,19.098346119616085
24.15689149560118,1.1858852552836808e-18,1.3215029219155362e-06,17426.00411977803,650.940869075535,19.098346119616085
24.23020527859238,1.1858852552836808e-18,1.3215029219155362e-06,17426.00411977803,650.940869075535,19.098346119616085
24.30351906158358,1.1713590143061764e-18,1.2993675924795682e-06,17346.599865554053,650.9408795346799,19.1656448586656
24.376832844574785,1.1713590143061764e-18,1.2993675924795682e-06,17346.599865554053,650.9408795346799,19.1656448586656
24.450146627565985,1.1713590143061764e-18,1.2993675924795682e-06,17346.599865554053,650.9408795346799,19.1656448586656
24.523460410557192,1.1713590143061764e-18,1.2993675924795682e-06,17346.599865554053,650.9408795346799,19.1656448586656
24.59677419354839,1.1564418200871218e-18,1.2767241838229962e-06,17264.167871100537,650.940889072234,19.247187504436376
24.67008797653959,1.1564418200871218e-18,1.2767241838229962e-06,17264.167871100537,650.940889072234,19.247187504436376
24.743401759530798,1.1564418200871218e-18,1.2767241838229962e-06,17264.167871100537,650.940889072234,19.247187504436376
24.816715542521997,1.1564418200871218e-18,1.2767241838229962e-06,17264.167871100537,650.940889072234,19.247187504436376
24.890029325513197,1.142749956631165e-18,1.256451705665992e-06,17193.604822648154,650.9408977916047,19.33951365334278
24.963343108504404,1.142749956631165e-18,1.256451705665992e-06,17193.604822648154,650.9408977916047,19.33951365334278
25.036656891495603,1.142749956631165e-18,1.256451705665992e-06,17193.604822648154,650.9408977916047,19.33951365334278
25.10997067448681,1.142749956631165e-18,1.256451705665992e-06,17193.604822648154,650.9408977916047,19.33951365334278
25.18328445747801,1.142749956631165e-18,1.256451705665992e-06,17193.604822648154,650.9408977916047,19.33951365334278
25.25659824046921,1.130221329280551e-18,1.2382906335807053e-06,17132.922206447718,650.9409057843994,19.444670224931716
25.329912023460416,1.130221329280551e-18,1.2382906335807053e-06,17132.922206447718,650.9409057843994,19.444670224931716
25.403225806451616,1.130221329280551e-18,1.2382906335807053e-06,17132.922206447718,650.9409057843994,19.444670224931716
25.476539589442822,1.130221329280551e-18,1.2382906335807053e-06,17132.922206447718,650.9409057843994,19.444670224931716
25.549853372434022,1.1177442638678063e-18,1.2208345069651032e-06,17079.954141098788,650.9409131258695,19.56216675856282
25.62316715542522,1.1177442638678063e-18,1.2208345069651032e-06,17079.954141098788,650.9409131258695,19.56216675856282
25.69648093841643,1.1177442638678063e-18,1.2208345069651032e-06,17079.954141098788,650.9409131258695,19.56216675856282
25.769794721407628,1.1177442638678063e-18,1.2208345069651032e-06,17079.954141098788,650.9409131258695,19.56216675856282
25.843108504398828,1.1052887947284107e-18,1.2039053485543686e-06,17032.913096201184,650.9409198864372,19.687930272489485
25.916422287390034,1.1052887947284107e-18,1.2039053485543686e-06,17032.913096201184,650.9409198864372,19.687930272489485
25.989736070381234,1.1052887947284107e-18,1.2039053485543686e-06,17032.913096201184,650.9409198864372,19.687930272489485
26.06304985337244,1.1052887947284107e-18,1.2039053485543686e-06,17032.913096201184,650.9409198864372,19.687930272489485
26.13636363636364,1.0935678663629516e-18,1.189195905834069e-06,17005.132450873538,650.9409261317477,19.817609523535406
26.20967741935484,1.0935678663629516e-18,1.189195905834069e-06,17005.132450873538,650.9409261317477,19.817609523535406
26.282991202346047,1.0935678663629516e-18,1.189195905834069e-06,17005.132450873538,650.9409261317477,19.817609523535406
26.356304985337246,1.0935678663629516e-18,1.189195905834069e-06,17005.132450873538,650.9409261317477,19.817609523535406
26.429618768328453,1.082805288477495e-18,1.1772766433216136e-06,17002.019643422336,650.9409319198465,19.946778488603858
26.502932551319645,1.082805288477495e-18,1.1772766433216136e-06,17002.019643422336,650.9409319198465,19.946778488603858
26.576246334310852,1.082805288477495e-18,1.1772766433216136e-06,17002.019643422336,650.9409319198465,19.946778488603858
26.64956011730206,1.082805288477495e-18,1.1772766433216136e-06,17002.019643422336,650.9409319198465,19.946778488603858
26.722873900293266,1.082805288477495e-18,1.1772766433216136e-06,17002.019643422336,650.9409319198465,19.946778488603858
26.796187683284458,1.0735531809183602e-18,1.168328817685614e-06,17018.210057094017,650.9409373039559,20.07486736900055
26.869501466275665,1.0735531809183602e-18,1.168328817685614e-06,17018.210057094017,650.9409373039559,20.07486736900055
26.94281524926687,1.0735531809183602e-18,1.168328817685614e-06,17018.210057094017,650.9409373039559,20.07486736900055
27.016129032258064,1.0735531809183602e-18,1.168328817685614e-06,17018.210057094017,650.9409373039559,20.07486736900055
27.08944281524927,1.0653662437853563e-18,1.1618320405258529e-06,17053.627441759283,650.9409423289619,20.200152914039137
27.162756598240478,1.0653662437853563e-18,1.1618320405258529e-06,17053.627441759283,650.9409423289619,20.200152914039137
27.23607038123167,1.0653662437853563e-18,1.1618320405258529e-06,17053.627441759283,650.9409423289619,20.200152914039137
27.309384164222877,1.0653662437853563e-18,1.1618320405258529e-06,17053.627441759283,650.9409423289619,20.200152914039137
27.382697947214083,1.0574800350382288e-18,1.1572458936333054e-06,17112.987203613568,650.9409470303069,20.32155707480137
27.456011730205276,1.0574800350382288e-18,1.1572458936333054e-06,17112.987203613568,650.9409470303069,20.32155707480137
27.529325513196483,1.0574800350382288e-18,1.1572458936333054e-06,17112.987203613568,650.9409470303069,20.32155707480137
27.60263929618769,1.0574800350382288e-18,1.1572458936333054e-06,17112.987203613568,650.9409470303069,20.32155707480137
27.675953079178896,1.0498405360065947e-18,1.1543238385899127e-06,17193.990442824546,650.9409514387713,20.442878831284638
27.74926686217009,1.0498405360065947e-18,1.1543238385899127e-06,17193.990442824546,650.9409514387713,20.442878831284638
27.822580645161295,1.0498405360065947e-18,1.1543238385899127e-06,17193.990442824546,650.9409514387713,20.442878831284638
27.895894428152502,1.0498405360065947e-18,1.1543238385899127e-06,17193.990442824546,650.9409514387713,20.442878831284638
27.969208211143695,1.0424276220430696e-18,1.1527366974561431e-06,17292.451345689224,650.9409555830973,20.567346874109365
28.0425219941349,1.0424276220430696e-18,1.1527366974561431e-06,17292.451345689224,650.9409555830973,20.567346874109365
28.115835777126108,1.0424276220430696e-18,1.1527366974561431e-06,17292.451345689224,650.9409555830973,20.567346874109365
28.1891495601173,1.0350106644385061e-18,1.1517175544748791e-06,17400.972300469937,650.9409594884381,20.692356743705712
28.262463343108507,1.0350106644385061e-18,1.1517175544748791e-06,17400.972300469937,650.9409594884381,20.692356743705712
28.335777126099714,1.0350106644385061e-18,1.1517175544748791e-06,17400.972300469937,650.9409594884381,20.692356743705712
28.409090909090907,1.0274137935923096e-18,1.1506673690575937e-06,17513.653748950732,650.9409631752511,20.817137789757524
28.482404692082113,1.0274137935923096e-18,1.1506673690575937e-06,17513.653748950732,650.9409631752511,20.817137789757524
28.55571847507332,1.0274137935923096e-18,1.1506673690575937e-06,17513.653748950732,650.9409631752511,20.817137789757524
28.629032258064527,1.0274137935923096e-18,1.1506673690575937e-06,17513.653748950732,650.9409631752511,20.817137789757524
28.70234604105572,1.0194641220192051e-18,1.149450223170429e-06,17631.553391954538,650.9409666611562,20.941182379603486
28.775659824046926,1.0194641220192051e-18,1.149450223170429e-06,17631.553391954538,650.9409666611562,20.941182379603486
28.848973607038133,1.0194641220192051e-18,1.149450223170429e-06,17631.553391954538,650.9409666611562,20.941182379603486
28.922287390029325,1.0194641220192051e-18,1.149450223170429e-06,17631.553391954538,650.9409666611562,20.941182379603486
28.995601173020532,1.0110964161315587e-18,1.1480003623287704e-06,17755.046255312263,650.940969962528,21.064341648864136
29.06891495601174,1.0110964161315587e-18,1.1480003623287704e-06,17755.046255312263,650.940969962528,21.064341648864136
29.14222873900293,1.0110964161315587e-18,1.1480003623287704e-06,17755.046255312263,650.940969962528,21.064341648864136
29.215542521994138,1.0110964161315587e-18,1.1480003623287704e-06,17755.046255312263,650.940969962528,21.064341648864136
29.288856304985345,1.0024018803547951e-18,1.146310243448484e-06,17882.682034155958,650.9409730940938,21.187552478883088
29.362170087976537,1.0024018803547951e-18,1.146310243448484e-06,17882.682034155958,650.9409730940938,21.187552478883088
29.435483870967744,1.0024018803547951e-18,1.146310243448484e-06,17882.682034155958,650.9409730940938,21.187552478883088
29.50879765395895,1.0024018803547951e-18,1.146310243448484e-06,17882.682034155958,650.9409730940938,21.187552478883088
29.582111436950157,9.935625821917053e-19,1.1443708379182498e-06,18011.252247471788,650.940976068546,21.31157014454359
29.65542521994135,9.935625821917053e-19,1.1443708379182498e-06,18011.252247471788,650.940976068546,21.31157014454359
29.728739002932556,9.935625821917053e-19,1.1443708379182498e-06,18011.252247471788,650.940976068546,21.31157014454359
29.802052785923763,9.935625821917053e-19,1.1443708379182498e-06,18011.252247471788,650.940976068546,21.31157014454359
29.875366568914956,9.935625821917053e-19,1.1443708379182498e-06,18011.252247471788,650.940976068546,21.31157014454359
29.948680351906162,9.84713442724043e-19,1.1421375296461812e-06,18137.644672959068,650.9409788971494,21.436138699181612
30.02199413489737,9.84713442724043e-19,1.1421375296461812e-06,18137.644672959068,650.9409788971494,21.436138699181612
30.09530791788856,9.84713442724043e-19,1.1421375296461812e-06,18137.644672959068,650.9409788971494,21.436138699181612
30.16862170087977,9.84713442724043e-19,1.1421375296461812e-06,18137.644672959068,650.9409788971494,21.436138699181612
30.241935483870975,9.758511365320214e-19,1.1394995665072903e-06,18260.09135539284,650.940981590741,21.561332787485032
30.315249266862168,9.758511365320214e-19,1.1394995665072903e-06,18260.09135539284,650.940981590741,21.561332787485032
30.388563049853374,9.758511365320214e-19,1.1394995665072903e-06,18260.09135539284,650.940981590741,21.561332787485032
30.46187683284458,9.758511365320214e-19,1.1394995665072903e-06,18260.09135539284,650.940981590741,21.561332787485032
30.535190615835788,9.669016751951882e-19,1.1363142210037588e-06,18377.586822760168,650.9409841590112,21.68703476168356
30.60850439882698,9.669016751951882e-19,1.1363142210037588e-06,18377.586822760168,650.9409841590112,21.68703476168356
30.681818181818187,9.669016751951882e-19,1.1363142210037588e-06,18377.586822760168,650.9409841590112,21.68703476168356
30.755131964809394,9.669016751951882e-19,1.1363142210037588e-06,18377.586822760168,650.9409841590112,21.68703476168356
30.828445747800586,9.578393797478359e-19,1.1324626122067161e-06,18488.57922224393,650.940986612377,21.813101183228202
30.901759530791793,9.578393797478359e-19,1.1324626122067161e-06,18488.57922224393,650.940986612377,21.813101183228202
30.975073313783,9.578393797478359e-19,1.1324626122067161e-06,18488.57922224393,650.940986612377,21.813101183228202
31.048387096774192,9.578393797478359e-19,1.1324626122067161e-06,18488.57922224393,650.940986612377,21.813101183228202
31.1217008797654,9.485935387888467e-19,1.1276565063635222e-06,18589.55620378077,650.9409889585589,21.938055432754872
31.195014662756606,9.485935387888467e-19,1.1276565063635222e-06,18589.55620378077,650.9409889585589,21.938055432754872
31.268328445747798,9.485935387888467e-19,1.1276565063635222e-06,18589.55620378077,650.9409889585589,21.938055432754872
31.341642228739005,9.485935387888467e-19,1.1276565063635222e-06,18589.55620378077,650.9409889585589,21.938055432754872
31.41495601173021,9.485935387888467e-19,1.1276565063635222e-06,18589.55620378077,650.9409889585589,21.938055432754872
31.48826979472142,9.391019166049663e-19,1.1216007481051642e-06,18676.604292794473,650.940991206806,22.058335947341778
31.56158357771261,9.391019166049663e-19,1.1216007481051642e-06,18676.604292794473,650.940991206806,22.058335947341778
31.634897360703818,9.391019166049663e-19,1.1216007481051642e-06,18676.604292794473,650.940991206806,22.058335947341778
31.708211143695024,9.391019166049663e-19,1.1216007481051642e-06,18676.604292794473,650.940991206806,22.058335947341778
31.781524926686217,9.29495304522637e-19,1.1143855995244202e-06,18748.246074209088,650.940993363571,22.17469030124483
31.854838709677423,9.29495304522637e-19,1.1143855995244202e-06,18748.246074209088,650.940993363571,22.17469030124483
31.92815249266863,9.29495304522637e-19,1.1143855995244202e-06,18748.246074209088,650.940993363571,22.17469030124483
32.00146627565982,9.29495304522637e-19,1.1143855995244202e-06,18748.246074209088,650.940993363571,22.17469030124483
32.07478005865103,9.197473021331404e-19,1.1058960333904997e-06,18802.60972282239,650.9409954361008,22.28327310432975
32.148093841642236,9.197473021331404e-19,1.1058960333904997e-06,18802.60972282239,650.9409954361008,22.28327310432975
32.22140762463343,9.197473021331404e-19,1.1058960333904997e-06,18802.60972282239,650.9409954361008,22.28327310432975
32.294721407624635,9.197473021331404e-19,1.1058960333904997e-06,18802.60972282239,650.9409954361008,22.28327310432975
32.36803519061584,9.096093030068553e-19,1.0956912232390242e-06,18836.735663924854,650.940997430515,22.391356052990545
32.44134897360705,9.096093030068553e-19,1.0956912232390242e-06,18836.735663924854,650.940997430515,22.391356052990545
32.51466275659824,9.096093030068553e-19,1.0956912232390242e-06,18836.735663924854,650.940997430515,22.391356052990545
32.58797653958945,9.096093030068553e-19,1.0956912232390242e-06,18836.735663924854,650.940997430515,22.391356052990545
32.661290322580655,8.989967702632933e-19,1.0837087920098398e-06,18850.6712367244,650.9409993502971,22.500474166014335
32.73460410557185,8.989967702632933e-19,1.0837087920098398e-06,18850.6712367244,650.9409993502971,22.500474166014335
32.807917888563054,8.989967702632933e-19,1.0837087920098398e-06,18850.6712367244,650.9409993502971,22.500474166014335
32.88123167155426,8.882282171843188e-19,1.0709571249975614e-06,18854.710683713856,650.9410012017624,22.603175847994066
32.95454545454545,8.882282171843188e-19,1.0709571249975614e-06,18854.710683713856,650.9410012017624,22.603175847994066
33.02785923753666,8.882282171843188e-19,1.0709571249975614e-06,18854.710683713856,650.9410012017624,22.603175847994066
33.10117302052787,8.780250035268442e-19,1.0581167607054549e-06,18845.126809472047,650.9410029914651,22.688925736637426
33.17448680351906,8.780250035268442e-19,1.0581167607054549e-06,18845.126809472047,650.9410029914651,22.688925736637426
33.247800586510266,8.780250035268442e-19,1.0581167607054549e-06,18845.126809472047,650.9410029914651,22.688925736637426
33.32111436950147,8.780250035268442e-19,1.0581167607054549e-06,18845.126809472047,650.9410029914651,22.688925736637426
33.39442815249268,8.680248040136526e-19,1.0450045016460554e-06,18826.0141085126,650.9410047240966,22.765719991455583
33.46774193548387,8.680248040136526e-19,1.0450045016460554e-06,18826.0141085126,650.9410047240966,22.765719991455583
33.54105571847508,8.680248040136526e-19,1.0450045016460554e-06,18826.0141085126,650.9410047240966,22.765719991455583
33.614369501466285,8.680248040136526e-19,1.0450045016460554e-06,18826.0141085126,650.9410047240966,22.765719991455583
33.68768328445748,8.579364704343461e-19,1.0313728793962854e-06,18798.921365712675,650.9410064030252,22.84230740983745
33.760997067448685,8.579364704343461e-19,1.0313728793962854e-06,18798.921365712675,650.9410064030252,22.84230740983745
33.83431085043989,8.579364704343461e-19,1.0313728793962854e-06,18798.921365712675,650.9410064030252,22.84230740983745
33.907624633431084,8.579364704343461e-19,1.0313728793962854e-06,18798.921365712675,650.9410064030252,22.84230740983745
33.98093841642229,8.476286425733253e-19,1.0170529762453059e-06,18763.346784128673,650.9410080309713,22.920699987093986
34.0542521994135,8.476286425733253e-19,1.0170529762453059e-06,18763.346784128673,650.9410080309713,22.920699987093986
34.12756598240469,8.476286425733253e-19,1.0170529762453059e-06,18763.346784128673,650.9410080309713,22.920699987093986
34.2008797653959,8.476286425733253e-19,1.0170529762453059e-06,18763.346784128673,650.9410080309713,22.920699987093986
34.2741935483871,8.371487104729534e-19,1.0021810960775788e-06,18720.435507337326,650.9410096110197,23.000205851641628
34.34750733137831,8.371487104729534e-19,1.0021810960775788e-06,18720.435507337326,650.9410096110197,23.000205851641628
34.4208211143695,8.371487104729534e-19,1.0021810960775788e-06,18720.435507337326,650.9410096110197,23.000205851641628
34.49413489736071,8.371487104729534e-19,1.0021810960775788e-06,18720.435507337326,650.9410096110197,23.000205851641628
34.567448680351916,8.371487104729534e-19,1.0021810960775788e-06,18720.435507337326,650.9410096110197,23.000205851641628
34.64076246334311,8.266753283159409e-19,9.869944530390276e-07,18670.334088937532,650.9410111462358,23.080993110048638
34.714076246334315,8.266753283159409e-19,9.869944530390276e-07,18670.334088937532,650.9410111462358,23.080993110048638
34.78739002932552,8.266753283159409e-19,9.869944530390276e-07,18670.334088937532,650.9410111462358,23.080993110048638
34.860703812316714,8.266753283159409e-19,9.869944530390276e-07,18670.334088937532,650.9410111462358,23.080993110048638
34.93401759530792,8.164713456775787e-19,9.719463879605002e-07,18615.457602327835,650.9410126397067,23.16297743628283
35.00733137829913,8.164713456775787e-19,9.719463879605002e-07,18615.457602327835,650.9410126397067,23.16297743628283
35.08064516129032,8.164713456775787e-19,9.719463879605002e-07,18615.457602327835,650.9410126397067,23.16297743628283
35.15395894428153,8.164713456775787e-19,9.719463879605002e-07,18615.457602327835,650.9410126397067,23.16297743628283
35.227272727272734,8.066142283008255e-19,9.574169420433217e-07,18561.265535619757,650.9410140941674,23.24733321401997
35.30058651026394,8.066142283008255e-19,9.574169420433217e-07,18561.265535619757,650.9410140941674,23.24733321401997
35.37390029325513,8.066142283008255e-19,9.574169420433217e-07,18561.265535619757,650.9410140941674,23.24733321401997
35.44721407624634,8.066142283008255e-19,9.574169420433217e-07,18561.265535619757,650.9410140941674,23.24733321401997
35.520527859237546,7.971735262664524e-19,9.436287429572597e-07,18510.606447683258,650.9410155124227,23.33451340943491
35.59384164222874,7.971735262664524e-19,9.436287429572597e-07,18510.606447683258,650.9410155124227,23.33451340943491
35.667155425219946,7.971735262664524e-19,9.436287429572597e-07,18510.606447683258,650.9410155124227,23.33451340943491
35.74046920821115,7.971735262664524e-19,9.436287429572597e-07,18510.606447683258,650.9410155124227,23.33451340943491
35.813782991202345,7.88236225184454e-19,9.307228033390306e-07,18464.447562038593,650.9410168968383,23.424304691444718
35.88709677419355,7.88236225184454e-19,9.307228033390306e-07,18464.447562038593,650.9410168968383,23.424304691444718
35.96041055718476,7.88236225184454e-19,9.307228033390306e-07,18464.447562038593,650.9410168968383,23.424304691444718
36.03372434017595,7.88236225184454e-19,9.307228033390306e-07,18464.447562038593,650.9410168968383,23.424304691444718
36.10703812316716,7.88236225184454e-19,9.307228033390306e-07,18464.447562038593,650.9410168968383,23.424304691444718
36.180351906158364,7.798412720470681e-19,9.18800530270444e-07,18424.146369888855,650.9410182498448,23.516617674203
36.25366568914957,7.798412720470681e-19,9.18800530270444e-07,18424.146369888855,650.9410182498448,23.516617674203
36.32697947214076,7.798412720470681e-19,9.18800530270444e-07,18424.146369888855,650.9410182498448,23.516617674203
36.40029325513197,7.798412720470681e-19,9.18800530270444e-07,18424.146369888855,650.9410182498448,23.516617674203
36.47360703812318,7.718768893543365e-19,9.077237029437045e-07,18389.841752297623,650.941019573285,23.610894807791777
36.54692082111437,7.718768893543365e-19,9.077237029437045e-07,18389.841752297623,650.941019573285,23.610894807791777
36.620234604105576,7.718768893543365e-19,9.077237029437045e-07,18389.841752297623,650.941019573285,23.610894807791777
36.69354838709678,7.718768893543365e-19,9.077237029437045e-07,18389.841752297623,650.941019573285,23.610894807791777
36.766862170087975,7.645002799898895e-19,8.976213560774573e-07,18360.64280893577,650.9410208690869,23.70836749426172
36.84017595307918,7.645002799898895e-19,8.976213560774573e-07,18360.64280893577,650.9410208690869,23.70836749426172
36.91348973607039,7.645002799898895e-19,8.976213560774573e-07,18360.64280893577,650.9410208690869,23.70836749426172
36.98680351906158,7.645002799898895e-19,8.976213560774573e-07,18360.64280893577,650.9410208690869,23.70836749426172
37.06011730205279,7.572655864719665e-19,8.880528835576597e-07,18338.464197847934,650.9410221385444,23.81004679556295
37.133431085043995,7.572655864719665e-19,8.880528835576597e-07,18338.464197847934,650.9410221385444,23.81004679556295
37.2067448680352,7.572655864719665e-19,8.880528835576597e-07,18338.464197847934,650.9410221385444,23.81004679556295
37.280058651026394,7.572655864719665e-19,8.880528835576597e-07,18338.464197847934,650.9410221385444,23.81004679556295
37.3533724340176,7.477679269143817e-19,8.761202379743786e-07,18321.846184675218,650.9410233728086,23.951332025760376
37.42668621700881,7.477679269143817e-19,8.761202379743786e-07,18321.846184675218,650.9410233728086,23.951332025760376
37.5,7.477679269143817e-19,8.761202379743786e-07,18321.846184675218,650.9410233728086,23.951332025760376
